id,title,description,link,image_link,availability,price,sale_price,brand,condition,gtin,mpn,identifier_exists
B500,Amerex B500 | 5 lb ABC | Dry Chemical Fire Extinguisher with Wall Bracket | 2A 10B:C,"The Amerex B500 is a rechargeable 5 lb ABC dry chemical fire extinguisher designed to protect against Class A, Class B, and Class C fires. Utilizing monoammonium phosphate dry chemical agent, the B500 provides dependable protection for commercial buildings, offices, retail spaces, warehouses, vehicles, workshops, and residential applications. The extinguisher features a durable steel cylinder, all-metal valve construction, and a high-gloss polyester powder-coated finish for long service life and reliable performance. Key Features 5 lb ABC dry chemical agent UL Rating: 2A 10B:C Rechargeable and serviceable design Stored-pressure operation Durable steel cylinder construction Anodized aluminum valve assembly High-gloss polyester powder-coated finish QR-coded multilingual instructions USCG approved when installed with listed bracket 6-year manufacturer's warranty Operating temperature: -65°F to 120°F (-54°C to 49°C) Specifications Agent: ABC Dry Chemical Capacity: 5 lb UL Rating: 2A 10B:C Discharge Time: 14 seconds Discharge Range: 12–18 ft Nominal Pressure: 195 PSIG Applications & Uses Offices Retail stores Warehouses Workshops Property management facilities Commercial buildings Light industrial facilities Vehicles and service trucks Residential garages and homes Fire Classes Protected ✔ Class A – Wood, paper, cloth, plastics ✔ Class B – Flammable liquids and gases ✔ Class C – Energized electrical equipment",https://teslafire.com/product/amerex-b500x-5-lb-abc-dry-chemical-fire-extinguisher-with-wall-bracket-3a-10bc/,https://teslafire.com/wp-content/uploads/2026/06/Amerex-abc.png,in_stock,123.58 USD,75.00 USD,Amerex,new,850026795134,B500,
B500T,Amerex B500T | 5 lb ABC | Dry Chemical Fire Extinguisher with Vehicle Bracket | 2A 10B:C,"The Amerex B500T is a rechargeable 5 lb ABC dry chemical fire extinguisher specifically configured with a heavy-duty vehicle bracket for mobile and transportation applications. Utilizing monoammonium phosphate dry chemical agent, the B500T provides dependable protection against Class A, Class B, and Class C fires while withstanding the demands of trucks, service vehicles, construction equipment, fleet vehicles, and marine applications. Its durable steel cylinder, all-metal valve construction, and stored-pressure design deliver reliable fire protection in rugged environments. Key Specifications 5 lb ABC dry chemical extinguishing agent UL Rating: 2A 10B:C Rechargeable stored-pressure design Heavy-duty vehicle bracket included Operating temperature: -65°F to +120°F Applications & Uses Service trucks and fleet vehicles Construction and heavy equipment Commercial and industrial vehicles Marine and recreational applications Workshops and mobile service operations Fire Classes Protected ✔ Class A – Ordinary combustibles ✔ Class B – Flammable liquids and gases ✔ Class C – Energized electrical equipment",https://teslafire.com/product/amerex-b500tx-5-lb-abc-dry-chemical-fire-extinguisher-with-vehicle-bracket-3a-10bc/,https://teslafire.com/wp-content/uploads/2026/06/Untitled-1.png,in_stock,128.00 USD,80.00 USD,Amerex,new,850026795257,B500T,
807,Amerex 807 | 5lb Heavy Duty Vehicle Bracket,"The Amerex 807 Heavy Duty Steel Bracket is designed to securely mount a 5lb fire extinguisher with a 4.25"" cylinder diameter. Made from durable steel with a primed and powder-coated paint finish, this bracket ensures long-lasting performance and meets the latest U/L salt spray requirements (240 hrs. @ 20% salt solution ASTM B117), providing reliable protection for your fire extinguisher in harsh environments.",https://teslafire.com/product/amerex-heavy-duty-vehicle-bracket-4-1-4″-cylinder-807/,https://teslafire.com/wp-content/uploads/2026/06/21.-Amerex-807-Heavy-Duty-Steel-Bracket-for-5lb-Fire-Extinguisher.jpg,in_stock,78.45 USD,,Amerex,new,,807,
818,Amerex 818 | 5lb Wrap Around Vehicle Bracket,"The Amerex 818 5lb Fire Extinguisher Vehicle Bracket is designed to securely mount a 5lb fire extinguisher in vehicles for easy access in emergencies. Made for durability, it ensures the extinguisher stays safely in place while on the move.",https://teslafire.com/product/amerex-vehicle-bracket-5lb-abc-818/,https://teslafire.com/wp-content/uploads/2026/07/818.png,in_stock,24.98 USD,,Amerex,new,,818,
B456,Amerex B456 | 10 lb ABC | Dry Chemical Fire Extinguisher with Wall Bracket | 4A 80B:C,"The Amerex B456 is a rechargeable 10 lb ABC dry chemical fire extinguisher designed for Class A, Class B, and Class C fire protection. It uses ABC dry chemical agent with a durable stored-pressure design, all-metal valve construction, and an operating temperature range of -65°F to +120°F . Key Specifications 10 lb ABC dry chemical extinguisher UL Rating: 4A 80B:C Rechargeable stored-pressure design All-metal valve construction Operating temperature: -65°F to +120°F Applications & Uses Commercial buildings Warehouses and distribution areas Workshops and maintenance areas Light-to-medium industrial facilities Property management fire protection Construction Sites",https://teslafire.com/product/amerex-b456x-10-lb-abc-dry-chemical-fire-extinguisher-with-wall-bracket-6a-80bc/,https://teslafire.com/wp-content/uploads/2026/06/3.-10-lb-Fire-Extinguisher-Amerex-B456-ABC-Multi-Purpose.jpg,in_stock,184.78 USD,100.00 USD,Amerex,new,850026795028,B456,
A411,Amerex A411 | 20 lb ABC | Dry Chemical Fire Extinguisher with Wall Bracket | 10A 120B:C,"The Amerex A411 is a rechargeable 20 lb ABC dry chemical fire extinguisher designed for larger commercial, industrial, and high-hazard applications requiring increased extinguishing capacity. Utilizing monoammonium phosphate ABC dry chemical agent, the A411 provides dependable protection against Class A, Class B, and Class C fires. Its heavy-duty steel cylinder, anodized aluminum valve assembly, and stored-pressure design make it an excellent choice for warehouses, manufacturing facilities, construction sites, and commercial buildings where enhanced fire protection is required. Key Specifications 20 lb ABC dry chemical extinguishing agent UL Rating: 10A 120B:C Rechargeable stored-pressure design Anodized aluminum valve construction Operating temperature: -65°F to +120°F Applications & Uses Warehouses and distribution centres Manufacturing and industrial facilities Commercial and institutional buildings Construction and heavy equipment facilities Property management and maintenance operations Fire Classes Protected ✔ Class A – Ordinary combustibles ✔ Class B – Flammable liquids and gases ✔ Class C – Energized electrical equipment",https://teslafire.com/product/amerex-a411x-20-lb-abc-dry-chemical-fire-extinguisher-with-wall-bracket-10a-120bc/,https://teslafire.com/wp-content/uploads/2026/06/411.png,in_stock,350.34 USD,186.00 USD,Amerex,new,850026795035,A411,
B386T,Amerex B386T | 5 lb Halotron I | Clean Agent Fire Extinguisher with Vehicle Bracket | 5B:C,"The Amerex B386T is a rechargeable 5 lb Halotron I clean agent fire extinguisher designed for protection against Class B and Class C fires where residue from dry chemical extinguishers is unacceptable. Utilizing Halotron I clean agent , the B386T leaves no powder residue and is ideal for protecting sensitive electronic equipment, laboratories, telecommunication facilities, marine applications, and commercial environments requiring clean fire suppression. The extinguisher features durable all-metal construction, a stored-pressure design, and an anodized aluminum valve assembly for dependable long-term performance. Key Specifications 5 lb Halotron I clean agent UL Rating: 5B:C Clean, non-conductive, residue-free extinguishing agent Rechargeable stored-pressure design Operating temperature: -40°F to +120°F Applications & Uses Computer and server rooms Electrical and control rooms Marine and boating applications Laboratories and telecommunication facilities Commercial and industrial facilities with sensitive equipment Fire Classes Protected ✔ Class B – Flammable liquids and gases ✔ Class C – Energized electrical equipment",https://teslafire.com/product/amerex-b386tx-5-lb-halotron1-clean-agent-fire-extinguisher-with-vehicle-bracket-5bc/,https://teslafire.com/wp-content/uploads/2026/06/20.-5lb-Fire-Extinguisher-Amerex-B386TX-Halotron-Class-BC.jpg,in_stock,1099.56 USD,772.00 USD,Amerex,new,850026795226,B386T,
322,Amerex 322 | 5 lb CO₂ | Carbon Dioxide Fire Extinguisher with Wall Bracket | 5B:C,"The Amerex 322 is a rechargeable 5 lb Carbon Dioxide (CO₂) fire extinguisher designed for protection against Class B and Class C fires. Utilizing clean, non-conductive carbon dioxide agent, the Model 322 leaves no residue after discharge, making it ideal for protecting sensitive electronic equipment, laboratories, commercial kitchens, and areas containing energized electrical equipment. Its durable steel cylinder and corrosion-resistant construction provide dependable performance in commercial and industrial environments. Key Specifications 5 lb carbon dioxide (CO₂) agent UL Rating: 5B:C Clean, residue-free extinguishing agent Non-conductive for energized electrical equipment Rechargeable stored-pressure design Applications & Uses Electrical rooms and control panels Computer and server rooms Laboratories and medical facilities Commercial kitchens Offices and commercial buildings Fire Classes Protected ✔ Class B – Flammable liquids and gases ✔ Class C – Energized electrical equipment",https://teslafire.com/product/amerex-322-5-lb-co₂-carbon-dioxide-fire-extinguisher-with-wall-bracket-5bc/,https://teslafire.com/wp-content/uploads/2026/06/9.-5lb-Fire-Extinguisher-Amerex-322-Carbon-Dioxide.jpg,in_stock,432.35 USD,263.00 USD,Amerex,new,850026795202,322,
C260,Amerex C260 | 6 Litre Type K | Wet Chemical Fire Extinguisher with Wall Bracket & Signage | 2A K,"The Amerex C260 is a rechargeable 6 litre Type K wet chemical fire extinguisher specifically designed for commercial kitchen fire hazards involving cooking oils and animal fats. Utilizing a potassium acetate-based wet chemical agent, the C260 provides superior cooling and suppresses re-flash by forming a protective soap-like layer over burning cooking media. This extinguisher is ideal for restaurants, food trucks, institutional kitchens, and other commercial cooking environments requiring code-compliant Class K fire protection. Key Specifications 6 litre Type K wet chemical agent UL Rating: 2A:K Rechargeable stored-pressure design Stainless steel cylinder and valve construction Operating temperature: +40°F to +120°F Applications & Uses Commercial kitchens Restaurants and cafeterias Food trucks and mobile kitchens Institutional cooking facilities Commercial cooking appliances and fryers Fire Classes Protected ✔ Class A – Ordinary combustibles ✔ Class K – Cooking oils and animal fats",https://teslafire.com/product/amerex-c260x-6-litre-type-k-wet-chemical-fire-extinguisher-with-wall-bracket-signage-2a-k/,https://teslafire.com/wp-content/uploads/2026/06/c260-1.png,in_stock,394.84 USD,326.00 USD,Amerex,new,850026795066,C260,
809,Amerex 809 | 10Lb Heavy Duty Vehicle Bracket,"The Heavy Duty Vehicle Bracket is designed to securely mount fire extinguishers with a 5"" cylinder diameter in vehicles. Made from durable steel, it ensures your extinguisher stays in place during transport, providing reliable access in case of an emergency.",https://teslafire.com/product/amerex-heavy-duty-vehicle-bracket-5-cylinder-809/,https://teslafire.com/wp-content/uploads/2026/06/22.-Amerex-809-Heavy-Duty-Steel-Bracket-for-10lb-Fire-Extinguisher.jpg,in_stock,85.54 USD,,Amerex,new,,809,
TF-20554,Amerex Wall Bracket - 10lb ABC,"Securely mount your fire extinguisher with this universal wall hook designed for 10 to 15 lb. extinguishers (refers to chemical weight). Made by the original extinguisher manufacturer, these brackets ensure reliability and durability. Key Features: Compatibility: Fits 10 to 15 lb. extinguishers (chemical weight, not total weight) Quality Assurance: Made by the original extinguisher manufacturer – not imitation copies Complete Kit: Includes screws and washers for easy installation Availability: Always in stock for fast shipping",https://teslafire.com/product/amerex-wall-bracket-10lb-abc/,https://teslafire.com/wp-content/uploads/2026/06/universal-fire-extinguisher-bracket-wall-hook-10-15lb.jpg,in_stock,10.00 USD,,Amerex,new,,,no
B402TC,Amerex B402TC | 5 lb ABC | Dry Chemical Fire Extinguisher with Vehicle Bracket | 3A 40B:C,"The Amerex B402TC is a rechargeable 5 lb ABC dry chemical fire extinguisher featuring a polished chrome cylinder for applications where appearance matters as much as fire protection. Utilizing monoammonium phosphate dry chemical agent, the B402TC provides dependable protection against Class A, Class B, and Class C fires while complementing upscale commercial, hospitality, retail, and residential environments. The extinguisher features durable all-metal construction, a stored-pressure design, and reliable multi-purpose fire protection. Key Specifications 5 lb ABC dry chemical agent UL Rating: 3A 40B:C Rechargeable stored-pressure design Polished chrome cylinder with all-metal valve construction Operating temperature: -65°F to +120°F and 6-year manufacturer's warranty Applications & Uses Restaurants and hospitality environments Retail stores and showrooms Offices and reception areas Luxury residential properties Commercial buildings requiring decorative fire protection Fire Classes Protected ✔ Class A – Ordinary combustibles ✔ Class B – Flammable liquids and gases ✔ Class C – Energized electrical equipment",https://teslafire.com/product/amerex-b402txc-5-lb-abc-dry-chemical-fire-extinguisher-with-vehicle-bracket-3a-40bc-chrome/,https://teslafire.com/wp-content/uploads/2026/06/5lb-Chrome-Fire-Extinguisher-Amerex-B402-ABC-Multi-Purpose.jpg,in_stock,428.15 USD,,Amerex,new,603813205749,B402TC,
B402,Amerex B402 | 5 lb ABC | Dry Chemical Fire Extinguisher with Wall Bracket | 3A 40B:C,"The Amerex B402 is a rechargeable 5 lb ABC dry chemical fire extinguisher designed for reliable Class A, Class B, and Class C fire protection. Built with a durable steel cylinder, all-metal valve construction, and stored-pressure design, the B402 is ideal for commercial buildings, offices, warehouses, workshops, and general property protection. Key Specifications 5 lb ABC dry chemical agent UL Rating: 3A 40B:C Rechargeable stored-pressure design Durable steel cylinder with all-metal valve construction Operating temperature: -65°F to +120°F Applications & Uses Offices and commercial buildings Retail stores and warehouses Workshops and maintenance areas Property management facilities Residential garages and utility areas",https://teslafire.com/product/amerex-b402x-5-lb-abc-dry-chemical-fire-extinguisher-with-wall-bracket-3a-40bc/,https://teslafire.com/wp-content/uploads/2026/06/7.-5lb-Fire-Extinguisher-Amerex-B402-ABC-Multi-Purpose.jpg,in_stock,129.35 USD,80.00 USD,Amerex,new,850026795011,B402,
B417TC,Amerex B417TC | 2.5 lb ABC | Dry Chemical Fire Extinguisher with Vehicle Bracket | 1A 10B:C,"The Amerex B417TC is a rechargeable 2.5 lb ABC dry chemical fire extinguisher featuring a polished chrome cylinder for applications where appearance and aesthetics are important. Utilizing monoammonium phosphate dry chemical agent, the B417TC provides dependable protection against Class A, Class B, and Class C fires while complementing upscale commercial, hospitality, marine, and residential environments. Its compact size, durable construction, and attractive finish make it an excellent choice for decorative and customer-facing applications requiring code-compliant fire protection. Reference specifications are identical to the standard B417TX model with a chrome-plated cylinder finish. Key Specifications 2.5 lb ABC dry chemical agent UL Rating: 1A:10B:C Rechargeable stored-pressure design Chrome-plated cylinder with all-metal valve construction Operating temperature: -65°F to +120°F and 6-year manufacturer's warranty Applications & Uses Restaurants and hospitality environments Offices and reception areas Marine and recreational vehicles Retail stores and showrooms Luxury residential properties Fire Classes Protected ✔ Class A – Ordinary combustibles ✔ Class B – Flammable liquids and gases ✔ Class C – Energized electrical equipment",https://teslafire.com/product/amerex-b417txc-2-5-lb-abc-dry-chemical-fire-extinguisher-with-vehicle-bracket-1a-10bc-chrome/,https://teslafire.com/wp-content/uploads/2026/06/2.5lb-Chrome-Fire-Extinguisher-Amerex-B403TX-ABC-Multi-Purpose.jpg,in_stock,336.74 USD,,Amerex,new,850026795172,B417TC,
330,Amerex 330 | 10 lb CO₂ | Carbon Dioxide Fire Extinguisher with Wall Bracket | 10B:C,"The Amerex 330 is a rechargeable 10 lb Carbon Dioxide (CO₂) fire extinguisher designed for protection against Class B and Class C fires. Utilizing clean, non-conductive carbon dioxide agent, the Model 330 leaves no residue after discharge, making it ideal for protecting sensitive electronic equipment, laboratories, electrical rooms, and commercial applications where cleanup must be minimized. Its rugged steel cylinder and dependable construction provide reliable fire protection for commercial and industrial environments. Key Specifications 10 lb carbon dioxide (CO₂) agent UL Rating: 10B:C Clean, residue-free extinguishing agent Non-conductive for energized electrical equipment Rechargeable heavy-duty construction Applications & Uses Electrical rooms and control panels Computer and server rooms Laboratories and medical facilities Commercial and industrial facilities Telecommunications and data centers Fire Classes Protected ✔ Class B – Flammable liquids and gases ✔ Class C – Energized electrical equipment",https://teslafire.com/product/amerex-330-10-lb-co₂-carbon-dioxide-fire-extinguisher-with-wall-bracket-10bc/,https://teslafire.com/wp-content/uploads/2026/06/amerex-330-3.png,in_stock,656.12 USD,399.00 USD,Amerex,new,850026795301,330,
B385TS,Amerex B385TS | 2.5 lb Halotron I | Clean Agent Fire Extinguisher with Vehicle Bracket | 2B:C,"The Amerex B385TS is a rechargeable 2.5 lb Halotron1 clean agent fire extinguisher designed for protection against Class B and Class C fires where residue from dry chemical extinguishers is unacceptable. Utilizing Halotron1 clean agent , the B385TS leaves no residue after discharge, making it ideal for protecting sensitive electronic equipment, marine applications, laboratories, telecommunications equipment, and other critical environments. Its lightweight aluminum cylinder and valve construction provide dependable performance while minimizing weight, making it particularly suitable for transportation and specialty applications. Key Specifications 2.5 lb Halotron1 clean agent UL Rating: 2B:C Clean, non-conductive, residue-free extinguishing agent Lightweight aluminum cylinder and valve construction Operating temperature: -40°F to +120°F Applications & Uses Marine and boating applications Computer and server rooms Telecommunications equipment Laboratories and electronic equipment rooms Vehicles and specialty equipment applications Fire Classes Protected ✔ Class B – Flammable liquids and gases ✔ Class C – Energized electrical equipment",https://teslafire.com/product/amerex-b385tsx-2-5-lb-halotron-i-clean-agent-fire-extinguisher-with-vehicle-bracket-2bc/,https://teslafire.com/wp-content/uploads/2026/06/Tesla-Fire-Systems-Products-2.jpg,in_stock,722.80 USD,512.00 USD,Amerex,new,850026795400,B385TS,
B479T,Amerex B479T Purple K | 5 lb BC | Dry Chemical Fire Extinguisher with Vehicle Bracket | 30B:C,"The Amerex B479T is a rechargeable 5 lb BC dry chemical fire extinguisher designed for rapid knockdown of flammable liquid and energized electrical fires. Utilizing Purple K (potassium bicarbonate) dry chemical agent, the B479T delivers superior Class B fire-fighting performance and is widely used in transportation, industrial, fuel handling, marine, and commercial applications where flammable liquid hazards are present. Its durable steel cylinder, all-metal valve construction, and stored-pressure design provide dependable performance and easy maintenance in demanding environments. Key Specifications 5 lb Purple K (potassium bicarbonate) dry chemical agent UL Rating: 30B:C Rechargeable stored-pressure design Durable steel cylinder with all-metal valve construction Operating temperature: -65°F to +120°F Applications & Uses Fuel storage and dispensing facilities Commercial and industrial vehicles Marine and boating applications Workshops and maintenance facilities Manufacturing and processing plants Fire Classes Protected ✔ Class B – Flammable liquids and gases ✔ Class C – Energized electrical equipment",https://teslafire.com/product/amerex-b479t-purple-k-5-lb-bc-dry-chemical-fire-extinguisher-with-vehicle-bracket-40bc/,https://teslafire.com/wp-content/uploads/2026/06/17.-Amerex-B479T.jpg,in_stock,178.16 USD,,Amerex,new,850026795219,B479T,
B570,Amerex B570 | 30 lb Class D | Sodium Chloride Fire Extinguisher with Wall Bracket,"The Amerex B570 is a rechargeable 30 lb Class D fire extinguisher specifically designed for fires involving combustible metals. It utilizes a special blended sodium chloride-based dry powder agent (Super D) that forms a crust over the burning metal, excluding oxygen and dissipating heat to extinguish the fire safely. The B570 is effective on fires involving magnesium, sodium, potassium, sodium-potassium alloys, and has demonstrated effectiveness on zirconium, uranium, titanium, and powdered aluminum fires. Its unique ""soft flow"" extension applicator allows controlled application while helping the operator maintain a safer distance from extreme heat and toxic fumes. Key Specifications 30 lb sodium chloride (Super D) dry powder agent Designed for Class D combustible metal fires Chrome-plated brass valve construction FM Approved and compliant with NFPA 10 Operating temperature: -40°F to +120°F Applications & Uses Magnesium processing facilities Metal fabrication and machining operations Titanium and zirconium manufacturing Chemical and industrial processing plants Laboratories handling combustible metals Fire Classes Protected ✔ Class D – Combustible metals and combustible metal alloys",https://teslafire.com/product/amerex-b570x-30-lb-class-d-sodium-chloride-fire-extinguisher-with-wall-bracket/,https://teslafire.com/wp-content/uploads/2026/06/14.-Model-B570-30LBS-Class-D-Fire-Extinguisher.jpg,in_stock,1350.54 USD,1152.00 USD,Amerex,new,850026795073,B570,
715,Amerex 715 Z-Series | 30 lb ABC | Dry Chemical Fire Extinguisher with Wall Bracket | 20A 120B:C,"The Amerex 715 is a 30 lb ABC Z-Series High Performance fire extinguisher engineered for high-hazard, frequent-use, and extreme environment applications. Designed with a chrome-plated brass valve, proprietary corrosion-resistant coating, and heavy-duty steel construction, the Model 715 delivers exceptional extinguishing performance and long service life. The Z-Series platform offers lower maintenance costs and greater reliability than cartridge-operated extinguishers, making it ideal for demanding industrial and commercial environments. Key Specifications 30 lb ABC dry chemical extinguishing agent UL Rating: 20A 120B:C High-performance Z-Series design Chrome-plated brass valve with corrosion-resistant coating 12-year manufacturer's warranty Applications & Uses Manufacturing and industrial facilities Distribution centres and warehouses Chemical processing facilities Oil and gas facilities Heavy construction and high-hazard environments Fire Classes Protected ✔ Class A – Ordinary combustibles ✔ Class B – Flammable liquids and gases ✔ Class C – Energized electrical equipment",https://teslafire.com/product/amerex-715x-z-series-30-lb-abc-dry-chemical-fire-extinguisher-with-wall-bracket-20a-120bc/,https://teslafire.com/wp-content/uploads/2026/06/15.30-lb.-Fire-Extinguisher-Amerex-ABC-Multi-Purpose.jpg,in_stock,999.70 USD,776.00 USD,Amerex,new,685744208952,715,
376T,Amerex 376T Purple K | 1 lb BC | Dry Chemical Fire Extinguisher with Vehicle Bracket | 2B:C,"The Amerex 376T is a rechargeable 1 lb BC dry chemical fire extinguisher designed for protection against Class B and Class C fires. Utilizing Purple K (potassium bicarbonate) extinguishing agent, the Model 376T provides rapid knockdown of flammable liquid fires and dependable protection for vehicles, marine applications, workshops, and light commercial environments. Its compact size and lightweight design make it an ideal choice where space is limited but reliable fire protection is required. Key Specifications 1 lb Purple K (potassium bicarbonate) dry chemical agent UL Rating: 2B:C Rechargeable stored-pressure design Anodized aluminum valve construction Operating temperature: -65°F to +120°F Applications & Uses Cars, trucks, and recreational vehicles Boats and marine applications Small equipment and machinery Workshops and garages Light commercial and industrial vehicles Fire Classes Protected ✔ Class B – Flammable liquids and gases ✔ Class C – Energized electrical equipment",https://teslafire.com/product/amerex-376t-purple-k-1-lb-bc-dry-chemical-fire-extinguisher-with-vehicle-bracket-2bc/,https://teslafire.com/wp-content/uploads/2026/06/16.-Amerex-376-1lb-Purple-K-Class-B-C-Ideal-for-Boats.jpg,in_stock,150.65 USD,,Amerex,new,400017862767,376T,
C270,Amerex C270 | 6 Litre (1.75 Gal) | Deionized Water Mist Fire Extinguisher with Non-Metallic Wall Bracket| 2A:C,"The Amerex C270 is a rechargeable 6 litre (1.75 gallon) deionized water mist fire extinguisher designed for Class A fires and locations where potential Class C electrical hazards exist. The unique misting nozzle produces an ultra-fine spray that enhances cooling, reduces the scattering of burning materials, and provides safety from electrical shock. Filled with deionized water, the C270 leaves no powder residue and is an excellent choice for hospitals, telecommunications facilities, clean rooms, MRI facilities, and other sensitive environments where contamination from dry chemical agents is undesirable. The Amerex Water Mist series features a durable stainless steel cylinder, all-metal valve construction, and non-magnetic construction tested for use in MRI facilities up to 11.7 Tesla , including the wall hanger bracket. The extinguisher is easy to use, maintain, and service while providing dependable fire protection for specialized applications. Key Specifications Unit ships uncharged as standard. Add $85.00 to have the extinguisher shipped fully charged and ready for service. 6 litre (1.75 gallon) deionized water mist agent UL Rating: 2A:C Non-magnetic construction tested to 11.7 Tesla for MRI facilities Stainless steel cylinder with all-metal valve construction Operating temperature: +40°F to +120°F Applications & Uses Hospitals and healthcare facilities MRI and imaging rooms Telecommunications facilities Clean room manufacturing facilities Laboratories and sensitive equipment areas Fire Classes Protected ✔ Class A – Ordinary combustibles ✔ Class C – Energized electrical equipment",https://teslafire.com/product/amerex-c270-6-litre-1-75-gal-deionized-water-mist-fire-extinguisher-with-non-metallic-wall-bracket-2ac/,https://teslafire.com/wp-content/uploads/2026/06/c270__28678.jpg,in_stock,453.24 USD,,Amerex,new,400017862736,C270,
C272,Amerex C272 | 9 Litre (2.5 Gal) | Deionized Water Mist Fire Extinguisher with Non-Metallic Wall Bracket | 2A:C,"The Amerex C272 is a rechargeable 9 litre (2.5 gallon) deionized water mist fire extinguisher designed for Class A fires and locations where potential Class C electrical hazards exist. The specially designed misting nozzle produces an ultra-fine spray that provides exceptional cooling while minimizing the scattering of burning materials and reducing the risk of electrical shock. Filled with deionized water, the C272 leaves no powder residue and is an excellent choice for hospitals, MRI facilities, clean rooms, telecommunications centres, and other sensitive environments. The Amerex Water Mist series features durable stainless steel construction and non-magnetic components tested for use in MRI facilities up to 11.7 Tesla , including the wall hanger bracket. The larger 9 litre capacity and extended discharge time make the C272 ideal for larger spaces and applications requiring longer firefighting capability. Key Specifications Unit ships uncharged as standard. Add $85.00 to have the extinguisher shipped fully charged and ready for service. 9 litre (2.5 gallon) deionized water mist agent UL Rating: 2A:C Non-magnetic construction tested to 11.7 Tesla for MRI facilities Stainless steel cylinder with all-metal valve construction Operating temperature: +40°F to +120°F Applications & Uses Hospitals and healthcare facilities MRI and imaging rooms Telecommunications facilities Clean room manufacturing facilities Laboratories and sensitive equipment areas Fire Classes Protected ✔ Class A – Ordinary combustibles ✔ Class C – Energized electrical equipment",https://teslafire.com/product/amerex-c272-9-litre-2-5-gal-deionized-water-mist-fire-extinguisher-with-non-metallic-wall-bracket-2ac/,https://teslafire.com/wp-content/uploads/2026/06/c272__03426.jpg,in_stock,461.56 USD,,Amerex,new,850026795363,C272,
B394TS,Amerex B394TS | 5.5 lb Halotron I | Clean Agent Fire Extinguisher with Aircraft Bracket | 5B:C,"The Amerex B394TS is a rechargeable 5.5 lb Halotron I clean agent fire extinguisher designed for protection against Class B and Class C fires where residue from dry chemical extinguishers is unacceptable. Utilizing Halotron I clean agent , the B394TS leaves no residue after discharge, making it ideal for protecting aircraft, avionics, marine applications, electrical equipment, and sensitive electronic environments. This model is FAA Approved and USCG Approved , making it one of the most popular clean agent extinguishers for aviation and specialty transportation applications. Key Specifications 5.5 lb Halotron I clean agent UL Rating: 5B:C FAA Approved and USCG Approved Clean, non-conductive, residue-free extinguishing agent Lightweight aluminum cylinder and valve construction Applications & Uses Aircraft and aviation applications Marine and boating applications Avionics and electrical equipment Telecommunications and server rooms Specialty vehicles and sensitive electronics Fire Classes Protected ✔ Class B – Flammable liquids and gases ✔ Class C – Energized electrical equipment",https://teslafire.com/product/amerex-b394ts-5-5-lb-halotron-i-clean-agent-fire-extinguisher-with-aircraft-bracket-5bc/,https://teslafire.com/wp-content/uploads/2026/06/394ts.webp,in_stock,1601.47 USD,,Amerex,new,400017862866,B394TS,
TF-20573,Amerex Wall Bracket - 20lb ABC,"Securely mount your 15-20 lb fire extinguisher with this universal wall hook. Designed to hold the chemical weight, not the total extinguisher weight. Key Features: Universal Design: Fits 15-20 lb fire extinguishers Durable Construction: Ensures safe and secure mounting Easy Installation: Includes necessary hardware for quick setup Reliable Support: Made for extinguishers weighing 15-20 lbs (chemical weight)",https://teslafire.com/product/amerex-wall-bracket-20lb-abc/,https://teslafire.com/wp-content/uploads/2026/06/Universal-Fire-Extinguisher-Bracket-–-Wall-Hook-for-10-to-15-lb.-Extinguishers.jpg,in_stock,10.00 USD,,Amerex,new,,,no
817,Amerex 817| Wrap Around Vehicle Bracket,"The Amerex 817 2.5lb Fire Extinguisher Vehicle Bracket is designed to securely hold a 2.5lb fire extinguisher in vehicles, ensuring it remains in place during travel. This durable bracket provides easy access to the extinguisher in case of an emergency.",https://teslafire.com/product/amerex-vehicle-bracket-2-5lb-abc-817/,https://teslafire.com/wp-content/uploads/2026/06/18.-2.5lb-Fire-Extinguisher-Vehicle-Bracket-Amerex-817.jpg,in_stock,14.33 USD,,Amerex,new,,817,
A384T,Amerex A384T | 1.4 lb Halotron I | Clean Agent Fire Extinguisher with Vehicle Bracket | 1B:C,"The Amerex A384T is a rechargeable 1.4 lb Halotron I clean agent fire extinguisher designed for protection against Class B and Class C fires where residue from dry chemical extinguishers is unacceptable. Utilizing Halotron I clean agent , the A384T leaves no residue after discharge, making it ideal for protecting sensitive electronics, avionics, electrical equipment, marine applications, and specialty vehicle installations. Its lightweight aluminum cylinder and compact design make it particularly well suited for aviation and transportation applications where weight and space are critical considerations. Key Specifications 1.4 lb Halotron I clean agent UL Rating: 1B:C Clean, non-conductive, residue-free extinguishing agent Lightweight aluminum cylinder and valve construction Operating temperature: -40°F to +120°F Applications & Uses Aircraft and aviation applications Boats and marine vessels Electrical and control equipment Specialty vehicles and equipment Laboratories and sensitive electronics Fire Classes Protected ✔ Class B – Flammable liquids and gases ✔ Class C – Energized electrical equipment",https://teslafire.com/product/amerex-a384t-1-4-lb-halotron-i-clean-agent-fire-extinguisher-with-vehicle-bracket-2bc/,https://teslafire.com/wp-content/uploads/2026/06/Amerex-A384T-1.4lb-Halotron-I-Class-B-C-Fire-Extinguisher.jpg,in_stock,505.31 USD,354.00 USD,Amerex,new,850026795394,A384T,
TF-20576,Amerex Wall Bracket - 2.5lb / 5lb ABC,"Secure your 5 lb. fire extinguisher with this universal wall hook. Includes free screw and washer for easy installation. Key Features: Universal Design: Fits 5 lb. fire extinguishers Easy Installation: Comes with a free screw and washer High-Quality Material: Made by the extinguisher manufacturer, not stamped copies Always in Stock: Ready for fast shipping",https://teslafire.com/product/amerex-wall-bracket-2-5lb-5lb-abc/,https://teslafire.com/wp-content/uploads/2026/06/4-Pack-Universal-Fire-Extinguisher-Wall-Hook-Mount-Bracket-Hanger-for-5-Lb.-Extinguisher-Free-Screws-WASHERS-Included.jpg,in_stock,10.00 USD,,Amerex,new,,,
397,Amerex 397X| 11 lb Halotron I | Clean Agent Fire Extinguisher with Wall Bracket | 1A10B:C,"The Amerex 397 is a rechargeable 11 lb Halotron I clean agent fire extinguisher designed for protection against Class B and Class C fires where residue from dry chemical extinguishers is unacceptable. Utilizing Halotron I clean agent , the Model 397 leaves no residue after discharge, making it ideal for protecting aircraft, avionics, marine applications, telecommunications equipment, and sensitive electronic environments. This extinguisher is FAA Approved and USCG Approved , making it a preferred clean agent solution for aviation and specialty applications requiring larger extinguishing capacity. Key Specifications 11 lb Halotron I clean agent UL Rating: 1A10B:C FAA Approved and USCG Approved Clean, non-conductive, residue-free extinguishing agent Lightweight aluminum cylinder and valve construction Applications & Uses Aircraft and aviation applications Marine and boating applications Avionics and electrical equipment Telecommunications and server rooms Sensitive electronic equipment and laboratories Fire Classes Protected ✔ Class B – Flammable liquids and gases ✔ Class C – Energized electrical equipment",https://teslafire.com/product/amerex-397-11-lb-halotron-i-clean-agent-fire-extinguisher-with-wall-bracket-1a10bc/,https://teslafire.com/wp-content/uploads/2026/06/Amerex-397-11lb-Halotron-FAA.jpg,in_stock,2240.71 USD,1575.00 USD,Amerex,new,850026795165,397,
398,Amerex 398 | 15.5 lb Halotron I | Clean Agent Fire Extinguisher with Wall Bracket | 2A10B:C,"The Amerex 398 is a rechargeable 15.5 lb Halotron I clean agent fire extinguisher designed for protection against Class B and Class C fires where residue from dry chemical extinguishers is unacceptable. Utilizing Halotron I clean agent , the Model 398 leaves no residue after discharge, making it ideal for protecting aircraft, avionics, marine applications, electrical equipment, telecommunications facilities, and other environments containing sensitive electronics. This extinguisher is FAA Approved and USCG Approved , making it an excellent choice for aviation and specialty applications requiring greater clean agent capacity and extended discharge performance. Key Specifications 15.5 lb Halotron I clean agent UL Rating: 2A10B:C FAA Approved and USCG Approved Clean, non-conductive, residue-free extinguishing agent Lightweight aluminum cylinder and valve construction Applications & Uses Aircraft and aviation applications Marine and boating applications Avionics and electrical equipment Telecommunications and server rooms Sensitive electronic equipment and laboratories Fire Classes Protected ✔ Class B – Flammable liquids and gases ✔ Class C – Energized electrical equipment",https://teslafire.com/product/amerex-398-15-5-lb-halotron-i-clean-agent-fire-extinguisher-with-wall-bracket-2a10bc/,https://teslafire.com/wp-content/uploads/2026/06/Amerex-398-15.5lb-Halotron.jpg,in_stock,3218.00 USD,2256.00 USD,Amerex,new,850026795127,398,
551,Amerex 551 HT Series | 12.5 lb Halotron BrX | Clean Agent Fire Extinguisher with Hose | 2A:10BC,"The Amerex 551 HT Series is a high-capacity 12.5 lb Halotron® BrX (2-BTP) Clean Agent Fire Extinguisher designed to protect sensitive electronics, electrical equipment, and valuable assets without leaving residue or causing collateral damage associated with traditional dry chemical extinguishers. Featuring a 2A:10BC UL fire rating , the Model 551 provides additional Class A fire protection while maintaining excellent performance on Class B (flammable liquids) and Class C (energized electrical) fires. The clean agent rapidly suppresses fires, evaporates after discharge, and leaves no residue, making it ideal for data centers, server rooms, telecommunications facilities, healthcare environments, museums, laboratories, electrical control rooms, clean manufacturing facilities, and other mission-critical applications. Manufactured in the USA, the Model 551 features a durable steel cylinder, flexible discharge hose, stored-pressure design, a 6-Year Manufacturer Warranty , and a 12-Year Service Life . Aviation Applications The Amerex 551 HT Series is recommended for aviation maintenance and airport support environments requiring high-capacity clean agent fire protection. Ground Support Applications Airport Ground Support Equipment (GSE) Aircraft Maintenance Facilities Airport Ramp Operations Aircraft Hangars Fixed Base Operators (FBOs) Maintenance, Repair & Overhaul (MRO) Facilities Aircraft Service Equipment Avionics Workshops Airport Service Vehicles In-Flight Use The Amerex 551 HT Series is NOT FAA approved for onboard commercial aircraft installation. Designed for aviation ground support operations, aircraft maintenance facilities, and delicate electronic environments where clean, residue-free fire suppression is required. Key Features Halotron® BrX (2-BTP) Clean Agent 2A:10BC UL Fire Rating Residue-Free Fire Suppression Safe for Sensitive Electronics Class A, Class B & Class C Fire Protection Flexible Hose & Nozzle Non-Conductive Agent Non-Corrosive Fire Suppressant Durable Steel Cylinder All-Metal Valve Construction Stored-Pressure Design High-Gloss Polyester Powder-Coated Finish Low Global Warming Potential (Low GWP) Very Low Ozone Depletion Potential (Low ODP) No Thermal or Static Shock QR-Coded Multilingual Label 6-Year Manufacturer Warranty 12-Year Service Life Operating Temperature: -40°F to 120°F (-40°C to 49°C) Technical Specifications Manufacturer: Amerex Series: HT Series Model: 551 Part Number: 28084 Agent: Halotron® BrX (2-BTP) Fire Rating: 2A:10B Capacity: 12.5 lb (5.67 kg) Cylinder Material: Steel Valve Type: Anodized Aluminum Design: Hose & Nozzle Discharge Time: 16 Seconds Effective Range: 15–17 ft (4.57–5.18 m) Operating Pressure: 150 PSIG Minimum Confined Space: 2,988 ft³ (84.6 m³) Included Bracket: Wall Bracket Warranty: 6 Years Service Life: 12 Years Ideal Applications Data Centers Server Rooms Computer Rooms Telecommunications Facilities Network Operations Centers (NOC) Electrical Control Rooms UPS & Battery Rooms Laboratories Healthcare Facilities Museums & Archives Clean Manufacturing Pharmaceutical Facilities Industrial Control Systems Airport Ground Support Equipment Aircraft Maintenance Facilities Airport Hangars Avionics Workshops Commercial Buildings Mission-Critical Infrastructure High-Value Electronic Equipment",https://teslafire.com/product/amerex-551-ht-series-12-5-lb-halotron-brx-clean-agent-fire-extinguisher-with-hose-2a10bc/,https://teslafire.com/wp-content/uploads/2026/06/Amerex-HT-Series-551.png,in_stock,2440.65 USD,2094.00 USD,Amerex,new,,551,
A537TS,Amerex A537TS HT Series | 1.79 lb Halotron BrX | Clean Agent Fire Extinguisher with Nozzle | 2B:C,"The Amerex A537TS provides professional-grade fire protection where conventional dry chemical extinguishers would damage expensive electronics or equipment. Using the next-generation Halotron BrX (2-BTP) clean agent, the extinguisher rapidly suppresses Class B and Class C fires while leaving no residue , eliminating cleanup and minimizing costly downtime. It is ideal for aviation, commercial vehicles, electrical equipment, telecommunications and control systems. Aviation & Critical Infrastructure Applications The Amerex HT Series was originally developed for demanding aerospace applications and is now trusted across aviation, data centers, telecommunications, healthcare, laboratories, museums, clean manufacturing facilities, and other mission-critical environments where residue-free fire suppression is essential. Halotron® BrX clean agent quickly suppresses fires without damaging sensitive electronics, minimizing equipment downtime and costly cleanup. Model A537TS Ground Support & Service: Approved for aviation ground support equipment (GSE), airport line service vehicles, maintenance carts, hangars, FBOs, aircraft maintenance facilities, and other aviation support environments. In-Flight / Onboard Aircraft Use: Not approved for installation on commercial aircraft. Features Halotron® BrX (2-BTP) clean agent 2B:C UL Rating Leaves absolutely no residue Safe for energized electrical equipment Lightweight aluminum cylinder Vehicle bracket included Stored-pressure design All-metal valve construction High-gloss polyester powder coating Low Global Warming Potential Very Low Ozone Depletion Potential 6-Year Manufacturer Warranty 12-Year Service Life Temperature Range: -40°F to 120°F QR-coded multilingual labels Recommended Applications Aircraft Emergency vehicles Fleet vehicles Electrical panels Computer equipment Telecommunications Control rooms Data centers Medical equipment Museums Laboratories Specifications Model: A537TS Agent: Halotron BrX (2-BTP) UL Rating: 2B:C Capacity: 1.79 lb (0.81 kg) Discharge Time: 9 sec Range: 7–8 ft Pressure: 90 PSIG Bracket: Vehicle Included Part Number: 28207",https://teslafire.com/product/amerex-a537ts-ht-series-1-79-lb-halotron-brx-clean-agent-fire-extinguisher-with-nozzle-2bc/,https://teslafire.com/wp-content/uploads/2026/06/HT_Series_-_537TS_.jpg_202605251428-1.jpeg,in_stock,601.86 USD,516.00 USD,Amerex,new,,A537TS,
547,Amerex 547 HT Series | 3.75 lb Halotron BrX | Clean Agent Fire Extinguisher with Nozzle | 5B:C,"The Amerex 547 HT Series is a premium 3.75 lb Halotron® BrX (2-BTP) Clean Agent Fire Extinguisher designed to protect sensitive electronics, electrical equipment, and high-value assets where traditional ABC dry chemical extinguishers could cause unnecessary damage and costly cleanup. Utilizing next-generation Halotron® BrX clean agent technology , the Model 547 rapidly suppresses Class B (flammable liquid) and Class C (energized electrical) fires while leaving no residue . This makes it an excellent choice for data centers, telecommunications rooms, laboratories, healthcare facilities, museums, clean manufacturing environments, electrical control rooms, and other mission-critical facilities where business continuity is essential. The lightweight aluminum cylinder, all-metal valve construction, and stored-pressure design provide dependable performance with minimal maintenance. Manufactured in the USA, the HT Series is backed by a 6-Year Manufacturer Warranty and features a 12-Year Service Life . Aviation Applications The Amerex 547 HT Series is also well suited for aviation maintenance and airport support environments where clean, residue-free fire suppression is required. Ground Support Applications Airport Ground Support Equipment (GSE) Aircraft Maintenance Facilities Airport Ramp Operations Aircraft Hangars Fixed Base Operators (FBOs) Maintenance, Repair & Overhaul (MRO) Facilities Aircraft Service Vehicles Avionics Workshops In-Flight Use The Amerex 547 HT Series is NOT FAA approved for onboard commercial aircraft installation. Designed for aviation ground support operations and aircraft service facilities where sensitive avionics, electronics, and electrical equipment require clean agent fire protection without residue. Key Features Halotron® BrX (2-BTP) Clean Agent 5B:C UL Fire Rating Residue-Free Fire Suppression Safe for Sensitive Electronics Non-Conductive Agent Non-Corrosive Fire Suppressant Lightweight Aluminum Cylinder All-Metal Valve Construction Stored-Pressure Design High-Gloss Polyester Powder-Coated Finish Low Global Warming Potential (Low GWP) Very Low Ozone Depletion Potential (Low ODP) No Thermal or Static Shock QR-Coded Multilingual Label 6-Year Manufacturer Warranty 12-Year Service Life Operating Temperature: -40°F to 120°F (-40°C to 49°C) Technical Specifications Manufacturer: Amerex Series: HT Series Model: 547 Part Number: 28202 Agent: Halotron® BrX (2-BTP) Fire Rating: 5B:C Capacity: 3.75 lb (1.7 kg) Cylinder Material: Aluminum Valve Type: Anodized Aluminum Design: Fixed Nozzle Discharge Time: 9 Seconds Effective Range: 10–12 ft (3.05–3.66 m) Operating Pressure: 100 PSIG Minimum Confined Space: 896 ft³ (25.37 m³) Included Bracket: Wall Bracket Warranty: 6 Years Service Life: 12 Years Ideal Applications Data Centers Server Rooms Computer Rooms Telecommunications Facilities Network Closets Electrical Control Rooms Laboratories Healthcare Facilities Museums & Archives Clean Manufacturing Pharmaceutical Facilities UPS & Battery Rooms Airport Ground Support Equipment Aircraft Maintenance Facilities Airport Hangars Industrial Control Panels Commercial Offices High-Value Electronic Equipment",https://teslafire.com/product/amerex-547-ht-series-3-75-lb-halotron-brx-clean-agent-fire-extinguisher-with-nozzle-5bc/,https://teslafire.com/wp-content/uploads/2026/06/HT_Series_-_547_.jpg_202605251429-1.jpeg,in_stock,911.88 USD,782.00 USD,Amerex,new,,547,
549,Amerex 549 HT Series | 3.75 lb Halotron BrX | Clean Agent Fire Extinguisher with Hose | 5B:C,"The Amerex 549 HT Series is a premium 3.75 lb Halotron® BrX (2-BTP) Clean Agent Fire Extinguisher featuring a flexible discharge hose and nozzle for improved fire suppression around sensitive electronics, machinery, and equipment located in confined or difficult-to-access areas. Designed for Class B (flammable liquid) and Class C (energized electrical) fires, the Model 549 rapidly extinguishes fires while leaving no residue , helping prevent damage to valuable electronics and minimizing downtime. Unlike traditional ABC dry chemical extinguishers, Halotron® BrX evaporates after discharge, eliminating cleanup and contamination of sensitive equipment. The Model 549 is ideal for data centers, server rooms, telecommunications facilities, electrical control rooms, laboratories, healthcare facilities, museums, clean manufacturing environments, and other mission-critical applications. Manufactured in the USA, the HT Series features an all-metal valve, lightweight aluminum cylinder, stored-pressure design, a 6-Year Manufacturer Warranty , and a 12-Year Service Life . cleanup and contamination of sensitive equipment. The Model 549 is ideal for data centers, server rooms, telecommunications facilities, electrical control rooms, laboratories, healthcare facilities, museums, clean manufacturing environments, and other mission-critical applications. Manufactured in the USA, the HT Series features an all-metal valve, lightweight aluminum cylinder, stored-pressure design, a 6-Year Manufacturer Warranty , and a 12-Year Service Life . Aviation Applications The Amerex 549 HT Series is an excellent clean agent fire extinguisher for aviation maintenance and airport support operations where protecting sensitive avionics and electronics is essential. Ground Support Applications Airport Ground Support Equipment (GSE) Aircraft Maintenance Facilities Airport Ramp Operations Aircraft Hangars Fixed Base Operators (FBOs) Maintenance, Repair & Overhaul (MRO) Facilities Aircraft Service Vehicles Avionics Workshops Airport Service Equipment In-Flight Use The Amerex 549 HT Series is NOT FAA approved for onboard commercial aircraft installation. Intended for aviation ground support operations, aircraft service facilities, and delicate electronic environments requiring residue-free fire protection. Key Features Halotron® BrX (2-BTP) Clean Agent 5B:C UL Fire Rating Flexible Hose & Nozzle Residue-Free Fire Suppression Safe for Sensitive Electronics Non-Conductive Agent Non-Corrosive Fire Suppressant Lightweight Aluminum Cylinder All-Metal Valve Construction Stored-Pressure Design High-Gloss Polyester Powder-Coated Finish Low Global Warming Potential (Low GWP) Very Low Ozone Depletion Potential (Low ODP) No Thermal or Static Shock Improved Access to Confined Spaces QR-Coded Multilingual Label 6-Year Manufacturer Warranty 12-Year Service Life Operating Temperature: -40°F to 120°F (-40°C to 49°C) Technical Specifications Manufacturer: Amerex Series: HT Series Model: 549 Part Number: 28204 Agent: Halotron® BrX (2-BTP) Fire Rating: 5B:C Capacity: 3.75 lb (1.7 kg) Cylinder Material: Aluminum Valve Type: Anodized Aluminum Design: Hose & Nozzle Discharge Time: 9 Seconds Effective Range: 10–12 ft (3.05–3.66 m) Operating Pressure: 100 PSIG Minimum Confined Space: 896 ft³ (25.37 m³) Included Bracket: Wall Bracket Warranty: 6 Years Service Life: 12 Years Ideal Applications Data Centers Server Rooms Computer Rooms Telecommunications Facilities Electrical Control Rooms Network Closets UPS & Battery Rooms Laboratories Healthcare Facilities Museums & Archives Clean Manufacturing Pharmaceutical Facilities Industrial Machinery CNC Equipment Airport Ground Support Equipment Aircraft Maintenance Facilities Airport Hangars Avionics Workshops Commercial Offices High-Value Electronic Equipment",https://teslafire.com/product/amerex-549-ht-series-3-75-lb-halotron-brx-clean-agent-fire-extinguisher-with-hose-5bc/,https://teslafire.com/wp-content/uploads/2026/06/HT_Series_-_549.jpg_202605251428-1.jpeg,in_stock,979.34 USD,840.00 USD,Amerex,new,,549,
C571,Amerex C571 | 30 lb Class D | Copper Fire Extinguisher with Wall Bracket | For Lithium Metal Fires,"The Amerex C571 is a rechargeable 30 lb Class D fire extinguisher specifically designed for lithium and lithium alloy fires . It utilizes a specially formulated copper powder extinguishing agent originally developed by the U.S. Navy for difficult lithium metal fire hazards. The copper agent smothers the fire while acting as an excellent heat sink, dissipating heat and helping prevent re-ignition. The extinguisher features a unique soft-flow extension applicator that provides controlled agent application and allows the operator to maintain a safer distance from extreme heat and hazardous fumes. Not recommended for lithium-ion battery fires. Key Specifications 30 lb copper powder extinguishing agent Designed specifically for lithium and lithium alloy fires Chrome-plated brass valve construction FM Approved and compliant with NFPA 10 Operating temperature: -40°F to +120°F Applications & Uses Lithium metal manufacturing facilities Research and development laboratories Battery material processing facilities Aerospace and defense applications Industrial facilities handling lithium metal Fire Classes Protected ✔ Class D – Lithium and lithium alloy fires",https://teslafire.com/product/amerex-c571x-30-lb-class-d-copper-fire-extinguisher-with-wall-bracket-for-lithium-metal-fires/,https://teslafire.com/wp-content/uploads/2026/06/14.-Model-B570-30LBS-Class-D-Fire-Extinguisher.jpg,in_stock,2758.09 USD,,Amerex,new,400017862699,C571,
B402C,Amerex B402C | 5 lb ABC | Dry Chemical Fire Extinguisher with Wall Bracket | 3A:40B:C,"The Amerex B402C 5 lb ABC Fire Extinguisher is designed for vehicles and mobile equipment requiring enhanced flammable liquid fire protection. Featuring a higher 3A:40B:C rating, this extinguisher is ideal for fleet vehicles, service trucks, construction equipment, and industrial applications. Its rechargeable stored-pressure design provides reliable performance and economical maintenance. Key Features Multi Purpose ABC dry chemical extinguishing agent UL Rated 3A:40B:C Rechargeable and serviceable design Hose and nozzle discharge system All-metal valve construction Durable steel cylinder Temperature range from -65°F to 120°F (-54°C to 49°C) Easy and economical maintenance Specifications Model: B402C Agent Capacity: 5 lb (2.27 kg) Fire Rating: 3A:40B:C Discharge Time: Approximately 14 seconds Effective Range: 12–18 feet Recommended Applications Service trucks Commercial fleet vehicles Construction equipment Agricultural equipment Fuel delivery vehicles Industrial machinery",https://teslafire.com/product/amerex-b402tx-5-lb-abc-fire-extinguisher-vehicle-bracket/,https://teslafire.com/wp-content/uploads/2026/07/B402Txc.webp,in_stock,410.00 USD,386.40 USD,Amerex,new,,B402C,
B441,Amerex B441 | 10 lb ABC Brass Valve | Dry Chemical Fire Extinguisher with Wall Bracket | 4A:80B:C,The Amerex B441 10 lb ABC Fire Extinguisher features a heavy-duty chrome-plated brass valve assembly designed for harsh industrial and corrosive environments. Its rugged construction and 4A:80B:C rating make it ideal for demanding applications where durability is critical. Key Features Multipurpose ABC dry chemical agent UL Rated 4A:80B:C Heavy-duty chrome-plated brass valve Rechargeable and serviceable Wall bracket included Hose and nozzle discharge system Designed for harsh industrial environments Temperature range from -65°F to 120°F (-54°C to 49°C) Specifications Model: B441 Agent Capacity: 10 lb (4.54 kg) Fire Rating: 4A:80B:C Discharge Time: Approximately 20 seconds Effective Range: 15–21 feet Shipping Weight: 19 lb Recommended Applications Mining operations Oil and gas facilities Transportation facilities Manufacturing plants Waste management facilities Heavy industrial environments,https://teslafire.com/product/amerex-b441x-10-lb-abc-fire-extinguisher/,https://teslafire.com/wp-content/uploads/2026/07/b441.png,in_stock,272.00 USD,190.00 USD,Amerex,new,,B441,
423,Amerex 423X | 20 lb ABC Brass Valve | Dry Chemical Fire Extinguisher with Wall Bracket | 10A:120B:C,The Amerex B423 20 lb ABC Fire Extinguisher features a heavy-duty chrome-plated brass valve assembly designed for harsh industrial and corrosive environments. Its rugged construction and 10A:120B:C rating make it ideal for demanding applications where durability is critical. Key Features Multipurpose ABC dry chemical agent UL Rated 10 A:120B:C Heavy-duty chrome-plated brass valve Rechargeable and serviceable Wall bracket included Hose and nozzle discharge system Designed for harsh industrial environments Temperature range from -65°F to 120°F Specifications Model: B441 Agent Capacity: 10 lb Fire Rating: 10A:120B:C Discharge Time: Approximately 20 seconds Effective Range: 15–21 feet Recommended Applications Mining operations Oil and gas facilities Transportation facilities Manufacturing plants Waste management facilities Heavy industrial environments,https://teslafire.com/product/amerex-423x-20-lb-abc-brass-valve-dry-chemical-fire-extinguisher-with-wall-bracket-10a120bc/,https://teslafire.com/wp-content/uploads/2026/07/423X.png,in_stock,430.84 USD,350.00 USD,Amerex,new,,423,
692X,Amerex 692X | 30 lb ABC Brass Valve | Dry Chemical Fire Extinguisher with Wall Bracket | 10A:120B:C,"The Amerex 692X 30 lb ABC Fire Extinguisher provides maximum portable dry chemical fire protection for high-hazard commercial and industrial applications. Featuring a heavy-duty brass valve and large extinguishing capacity, the 692X is ideal for manufacturing facilities, warehouses, fuel handling areas, and equipment rooms. Key Features 30 lb multipurpose ABC dry chemical agent ULC Rated 10A:120B:C Heavy-duty chrome-plated brass valve Rechargeable and serviceable Wall bracket included Hose and nozzle discharge system Designed for severe industrial environments Temperature range from -65°F to 120°F (-54°C to 49°C) Specifications Model: 692X Agent Capacity: 30 lb (13.6 kg) Fire Rating: 10A:120B:C Discharge Time: Approximately 34 seconds Effective Range: 15–21 feet Recommended Applications Manufacturing facilities Warehouses Fuel storage areas Equipment rooms Heavy industrial facilities Transportation terminals",https://teslafire.com/product/amerex-692x-30-lb-abc-fire-extinguisher/,https://teslafire.com/wp-content/uploads/2026/07/692X-1.png,in_stock,550.00 USD,490.00 USD,Amerex,new,,692X,
B410T,Amerex B410T Purple K | 2.5 lb BC | Dry Chemical Fire Extinguisher with Vehicle Bracket | 10B:C,"The Amerex B410T 2.5 lb Purple K Fire Extinguisher is designed for protecting vehicles and equipment exposed to flammable liquid hazards. Featuring Purple K dry chemical agent and a heavy-duty vehicle bracket, this extinguisher delivers rapid fire knockdown performance against gasoline, diesel fuel, oils, and energized electrical equipment. Key Features 2.5 lb Purple K dry chemical extinguishing agent UL Rated 10B:C Rechargeable and serviceable Includes heavy-duty vehicle bracket All-metal valve construction Fast and effective on flammable liquid fires Compact design for vehicle installations Temperature range from -65°F to 120°F (-54°C to 49°C) Specifications Model: B410T Agent Capacity: 2.5 lb (1.13 kg) Fire Rating: 10B:C Discharge Time: Approximately 10 seconds Effective Range: 9–15 feet Recommended Applications Service vehicles Fleet trucks Fuel delivery vehicles Construction equipment Agricultural equipment Marine applications",https://teslafire.com/product/amerex-b410t-2-5-lb-purple-k-fire-extinguisher/,https://teslafire.com/wp-content/uploads/2026/07/B410T.png,in_stock,126.75 USD,,Amerex,new,,B410T,
B460,Amerex B460 Purple K | 10 lb BC Brass Valve | Dry Chemical Fire Extinguisher with Wall Bracket | 80B:C,"The Amerex B460 10 lb Purple K Fire Extinguisher is engineered for high-hazard commercial and industrial applications requiring superior Class B fire protection. Its large extinguishing capacity and high 80B:C rating make it ideal for fuel storage, transportation, and heavy equipment applications. Key Features 10 lb Purple K dry chemical extinguishing agent UL Rated 80B:C Rechargeable and serviceable Wall mounting bracket included Hose and nozzle discharge assembly Heavy-duty steel cylinder construction Excellent performance on fuel fires Temperature range from -65°F to 120°F (-54°C to 49°C) Specifications Model: B460 Agent Capacity: 10 lb (4.54 kg) Fire Rating: 80B:C Discharge Time: Approximately 22 seconds Effective Range: 15–21 feet Recommended Applications Fuel terminals Industrial facilities Transportation fleets Heavy equipment Marine applications Manufacturing plants",https://teslafire.com/product/amerex-b460-10-lb-brass-valve-purple-k-fire-extinguisher/,https://teslafire.com/wp-content/uploads/2026/07/b460.png,in_stock,312.57 USD,,Amerex,new,,B460,
415,Amerex 415 Purple K | 20 lb BC Brass Valve | Dry Chemical Fire Extinguisher with Wall Bracket | 120B:C,"The Amerex 415 20 lb Purple K Fire Extinguisher delivers exceptional fire suppression performance for large flammable liquid hazards. Designed for demanding industrial applications, this extinguisher provides rapid knockdown of gasoline, diesel, oils, and other combustible liquid fires. Key Features 20 lb Purple K dry chemical extinguishing agent UL Rated 120B:C Rechargeable and serviceable Wall mounting bracket included Hose and nozzle discharge system Heavy-duty steel cylinder construction Maximum portable protection for Class B hazards Temperature range from -65°F to 120°F Specifications Model: 415 Agent Capacity: 20 lb Fire Rating: 120B:C Discharge Time: Approximately 28 seconds Effective Range: 15–21 feet Recommended Applications Fuel storage facilities Manufacturing plants Industrial processing facilities Transportation terminals Marine facilities Aircraft hangars",https://teslafire.com/product/amerex-415-20-lb-brass-valve-purple-k-fire-extinguisher/,https://teslafire.com/wp-content/uploads/2026/07/415.png,in_stock,497.05 USD,,Amerex,new,,415,
693X,Amerex 693X Purple K | 30 lb Brass Valve | Dry Chemical Fire Extinguisher with Wall Bracket | 120B:C,"The Amerex 693X 30 lb Purple K Fire Extinguisher provides maximum portable protection against high-hazard flammable liquid fires. Its large extinguishing capacity and high 120B:C rating make it ideal for industrial operations, transportation facilities, and fuel handling applications. Key Features 30 lb Purple K dry chemical extinguishing agent ULC Rated 120B:C Rechargeable and serviceable Wall mounting bracket included Hose and nozzle discharge system Heavy-duty brass valve construction Designed for severe industrial environments Temperature range from -65°F to 120°F (-54°C to 49°C) Specifications Model: 693X Agent Capacity: 30 lb (13.6 kg) Fire Rating: 120B:C Discharge Time: Approximately 33 seconds Effective Range: 15–21 feet Recommended Applications Fuel terminals Refineries Industrial facilities Marine applications Transportation depots Heavy equipment facilities",https://teslafire.com/product/amerex-693x-30-lb-brass-valve-purple-k-fire-extinguisher/,https://teslafire.com/wp-content/uploads/2026/07/693X.png,in_stock,780.00 USD,693.00 USD,Amerex,new,,693X,
240,Amerex 240 | 2.5 Gallon Water | Pressurized Water Fire Extinguisher with Wall Bracket  | 2A,"The Amerex 240 2.5 Gallon Water Fire Extinguisher is designed for protecting against ordinary combustible fires involving wood, paper, cloth, rubber, and many plastics. Utilizing a stored-pressure water design, the 240 provides dependable Class A fire protection for commercial, institutional, and industrial applications. This extinguisher is environmentally friendly, easy to service, and leaves no chemical residue after discharge. Key Features 2.5 gallon water extinguishing agent UL Rated 2A Rechargeable and serviceable Stored-pressure design Stainless steel operating lever and handle Corrosion-resistant brass valve construction Environmentally friendly extinguishing agent No chemical cleanup required Temperature range: 40°F to 120°F Specifications Model: 240 Agent Capacity: 2.5 Gallons Fire Rating: 2A Discharge Time: Approximately 55 seconds Effective Range: 30–40 feet Rechargeable and refillable Recommended Applications Schools Offices Warehouses Retail stores Churches Apartment buildings Manufacturing facilities",https://teslafire.com/product/amerex-240-2-5-gallon-water-fire-extinguisher/,https://teslafire.com/wp-content/uploads/2026/07/240x.png,in_stock,300.29 USD,246.00 USD,Amerex,new,850026795387,240,
270,Amerex 270 | 1.75 Gallon Water Mist | Deionized Water Mist Fire Extinguisher with Wall Bracket | 2A:C,"The Amerex C270 1.75 Gallon Deionized Water Mist Fire Extinguisher utilizes de-ionized water to provide effective fire protection for Class A combustibles and energized electrical equipment. The ultra-fine water mist leaves no toxic residue and is safe for use in sensitive environments where dry chemical contamination is undesirable. The C270 is ideal for hospitals, laboratories, schools, data rooms, and clean manufacturing facilities. Key Features 1.75 Gallon deionized water mist extinguishing agent Suitable for Class A and energized electrical hazards Rechargeable and serviceable Non-toxic and environmentally friendly No cleanup residue Non-conductive de-ionized water agent Stainless steel cylinder construction Ideal for sensitive environments Specifications Model: C270 Agent Capacity: 1.75 Gallons Extinguishing Agent: Deionized Water Mist Rechargeable design Fine mist discharge technology Recommended Applications Hospitals Laboratories Data centers Telecommunications rooms Schools Museums Clean manufacturing facilities",https://teslafire.com/product/amerex-c270-1-75-gallon-deionized-water-mist-fire-extinguisher/,https://teslafire.com/wp-content/uploads/2026/07/C270.png,in_stock,425.06 USD,348.00 USD,Amerex,new,,270,
C272XN,Amerex C272XN | 2.5 Gallon Water Mist | Deionized Water Mist Fire Extinguisher with Wall Bracket | 2A:C,"The Amerex C272XN 2.5 Gallon Water Mist Fire Extinguisher utilizes de-ionized water to provide effective fire protection for Class A combustibles and energized electrical equipment. The ultra-fine water mist leaves no toxic residue and is safe for use in sensitive environments where dry chemical contamination is undesirable. The C272XN is ideal for hospitals, laboratories, schools, data rooms, and clean manufacturing facilities. Key Features 2.5 Gallon deionized water mist extinguishing agent Suitable for Class A and energized electrical hazards Rechargeable and serviceable Non-toxic and environmentally friendly No cleanup residue Non-conductive de-ionized water agent Stainless steel cylinder construction Ideal for sensitive environments Specifications Model: C272XN Agent Capacity: 2.5 Gallon Extinguishing Agent: Deionized Water Mist Rechargeable design Fine mist discharge technology Recommended Applications Hospitals Laboratories Data centers Telecommunications rooms Schools Museums Clean manufacturing facilities",https://teslafire.com/product/amerex-c272xn-2-5-gallon-water-mist-fire-extinguisher/,https://teslafire.com/wp-content/uploads/2026/07/C272XN.png,in_stock,398.80 USD,,Amerex,new,,C272XN,
B673,Amerex B673 | 65 lb Halotron I | Wheeled Clean Agent Fire Extinguisher | 4A 80B:C,The Amerex B673 65 lb Halotron I Wheeled Fire Extinguisher is designed for rapid response to large Class B and Class C fire hazards where clean agent protection is required. Its high-capacity wheeled design allows a single operator to quickly transport the extinguisher to the fire while protecting sensitive equipment without leaving residue. Key Features 65 lb Halotron I clean agent Wheeled extinguisher design Clean agent leaves no residue Rechargeable and serviceable Heavy-duty steel carriage Industrial-grade wheels Hose and discharge horn assembly Excellent mobility for large hazards Specifications Model: B673 Agent Capacity: 65 lb Wheeled stored-pressure design Rechargeable USCG Approved FAA approved for both ramp use (ARFF Vehicle) and on board an aircraft Cylinder: DOT 4BW240 Recommended Applications Aircraft hangars Data centres Electrical substations Telecommunications facilities Industrial plants Manufacturing facilities,https://teslafire.com/product/amerex-673-65-lb-halotron-i-wheeled-fire-extinguisher/,https://teslafire.com/wp-content/uploads/2026/07/673.png,in_stock,25702.62 USD,17426.00 USD,Amerex,new,,B673,
C-100,5lb Surface Mounted Steel Fire Extinguisher Cabinet - White,"This surface-mounted metal fire extinguisher cabinet is designed to securely house a 5 lb ABC fire extinguisher. Constructed from durable materials, it features a keyed lock for authorized access and a clear viewing panel for easy visibility. The cabinet's white enamel finish ensures it complements various interior settings while providing essential protection for your fire safety equipment.",https://teslafire.com/product/5lb-surface-mounted-steel-fire-extinguisher-cabinet-white/,https://teslafire.com/wp-content/uploads/2026/07/c100.png,in_stock,102.00 USD,67.00 USD,Amerex,new,190735481837,C-100,
TF-20936,"Fire Extinguisher Cover (Window) for 2.5 to 5lb Extinguisher (16"" x 11"")","Protect your fire extinguisher with this durable vinyl cover, designed to fit 2.5lb to 5lb extinguishers. The clear viewing window lets you easily check the charge status without removing the cover. Its water and mildew-resistant material ensures long-lasting protection, making it perfect for indoor and outdoor use. Key Features: Clear Viewing Window: Quickly check charge status. Water & Mildew Resistant: Durable protection from the elements. Elastic Back: Easy to install and remove. Versatile Fit: Suitable for 2.5lb to 5lb extinguishers.",https://teslafire.com/product/fire-extinguisher-cover-window-for-2-5-to-5lb-extinguisher-16-x-11/,https://teslafire.com/wp-content/uploads/2026/07/Fire-Extinguisher-Cover-Window-for-2.5-to-5lb-Extinguisher-16-x-11.jpg,in_stock,38.55 USD,,Amerex,new,,,no
TF-20937,Fire Extinguisher Cover (With Window) – Fits 10 to 20 lb Extinguishers Medium 25 x 16 1/2,"Protect your fire extinguisher from dust, moisture, and mildew with this durable, water-resistant cover. Designed for 10 to 20 lb extinguishers, its bright red color ensures high visibility, while the clear window allows quick checks of the charge status. Key Features: Durable Protection: Water-resistant and mildew-resistant material Clear Viewing Window: Easily check the charge status without removing the cover High Visibility: Bright red color for easy identification in emergencies Universal Fit: Medium size (25"" x 16 1/2"") fits 10 to 20 lb extinguishers Weather Resistant: Ideal for indoor and outdoor use, protecting from dust and elements",https://teslafire.com/product/fire-extinguisher-cover-with-window-fits-10-to-20-lb-extinguishers-medium-25-x-16-1-2/,https://teslafire.com/wp-content/uploads/2026/07/20lb-FX-Cover-with-Window.png,in_stock,69.15 USD,,Amerex,new,,,no
C-999,10lb Surface Mounted Steel Fire Extinguisher Cabinet - White,"This surface-mounted metal fire extinguisher cabinet is designed to securely house a 10 lb ABC fire extinguisher. Constructed from durable materials, it features a keyed lock for authorized access and a clear viewing panel for easy visibility. The cabinet’s white enamel finish ensures it complements various interior settings while providing essential protection for your fire safety equipment.",https://teslafire.com/product/10lb-surface-mounted-steel-fire-extinguisher-cabinet-white/,https://teslafire.com/wp-content/uploads/2026/07/WIL_C999.png,in_stock,145.50 USD,84.00 USD,Amerex,new,190735483770,C-999,
810,Amerex 810 | 20 Lb Heavy Duty Vehicle Bracket,"The Amerex 810 Heavy Duty Steel Bracket is designed to securely mount a 20lb ABC/10lb CO2 fire extinguisher with a 7″ cylinder diameter. Made from durable steel with a primed and powder-coated paint finish, this bracket ensures long-lasting performance and meets the latest U/L salt spray requirements (240 hrs. @ 20% salt solution ASTM B117), providing reliable protection for your fire extinguisher in harsh environments.",https://teslafire.com/product/amerex-heavy-duty-vehicle-bracket-7-cylinder-810/,https://teslafire.com/wp-content/uploads/2026/07/810.png,in_stock,97.04 USD,,Amerex,new,850026795547,810,
C-104,20lb Surface Mounted Steel Fire Extinguisher Cabinet - White,"This surface-mounted metal fire extinguisher cabinet is designed to securely house a 20 lb ABC fire extinguisher. Constructed from durable materials, it features a keyed lock for authorized access and a clear viewing panel for easy visibility. The cabinet's white enamel finish ensures it complements various interior settings while providing essential protection for your fire safety equipment.",https://teslafire.com/product/20lb-surface-mounted-steel-fire-extinguisher-cabinet-white/,https://teslafire.com/wp-content/uploads/2026/07/c100.png,in_stock,155.00 USD,113.00 USD,Amerex,new,,C-104,
B417T,Amerex B417T | 2.5 lb ABC | Dry Chemical Fire Extinguisher with Vehicle Bracket | 1A 10B:C,"The Amerex B417T 2.5 lb ABC Dry Chemical Fire Extinguisher is a compact, rechargeable fire extinguisher designed to protect against Class A, Class B, and Class C fires . Built with a durable steel cylinder and dependable all-metal valve construction, this extinguisher is ideal for vehicles, service trucks, marine applications, workshops, and small commercial spaces where reliable fire protection is essential. The included vehicle bracket allows for secure mounting in trucks, vans, heavy equipment, and other mobile applications while maintaining quick accessibility during an emergency. Key Features UL Rated 1A:10B:C Multi-purpose ABC dry chemical extinguishing agent Rechargeable and fully serviceable design Durable steel cylinder with corrosion-resistant finish Heavy-duty all-metal valve construction Includes vehicle mounting bracket Easy-to-read pressure gauge Manufactured in the USA Meets NFPA 10 inspection and maintenance requirements Six-year maintenance interval and twelve-year hydrostatic test cycle Specifications Manufacturer: Amerex Corporation Model: B417T Extinguishing Agent: ABC Dry Chemical Agent Capacity: 2.5 lb (1.1 kg) UL Rating: 1A:10B:C Cylinder Material: Steel Rechargeable: Yes Bracket: Vehicle Bracket Included Operating Temperature: -65°F to 120°F (-54°C to 49°C) Discharge Time: Approximately 8 seconds Discharge Range: Approximately 9 – 15 ft (2.7 – 4.6 m) Applications & Uses Service vehicles and fleet trucks Commercial vans and utility vehicles Recreational vehicles (RVs) and campers Boats and marine applications Workshops and garages Construction and landscaping equipment Residential fire protection Electrical and mechanical service vehicles Light commercial and retail spaces",https://teslafire.com/product/amerex-b417tx-2-5-lb-abc-dry-chemical-fire-extinguisher-with-vehicle-bracket-1a-10bc/,https://teslafire.com/wp-content/uploads/2026/07/ABC_B417-1-1.webp,in_stock,92.00 USD,63.00 USD,Amerex,new,850026795240,B417T,
B674,Amerex B674 | 150 lb Halotron I | Wheeled Clean Agent Fire Extinguisher | 10A:120B:C,"The Amerex B674 150 lb Halotron I Wheeled Fire Extinguisher is designed for rapid response to large-scale Class A, B, and C fires where protecting valuable assets is as important as extinguishing the fire. Utilizing Halotron I clean agent , the Model B674 leaves no residue , is non-conductive , and evaporates quickly, helping minimize downtime and costly cleanup after discharge. Its heavy-duty wheeled design allows a single operator to quickly transport the extinguisher to high-hazard areas including aircraft maintenance facilities, petrochemical plants, power generation sites, telecommunications infrastructure, data centers, military installations, and industrial manufacturing facilities. The Amerex B674 features a rugged steel cylinder, corrosion-resistant finish, industrial-grade hose assembly, and dependable all-metal valve construction built to withstand demanding commercial and industrial environments. Key Features 150 lb Halotron I Clean Agent UL Rated 10A:120B:C Leaves no residue after discharge Safe for energized electrical equipment Non-conductive extinguishing agent Rapidly evaporating clean agent Heavy-duty wheeled industrial design Long-range discharge for large fire hazards Corrosion-resistant construction Durable steel cylinder Large industrial discharge hose Heavy-duty steel carriage Designed for operation by one person Manufactured to UL Standards NFPA 10 Compliant ISO 9001 & ISO 14001 Certified Specifications Manufacturer: Amerex Model: B674 Agent: Halotron I Clean Agent Capacity: 150 lb Fire Rating: 10A:120B:C Extinguisher Type: Wheeled Application: Class A, B & C Fires Discharge: Hose & Industrial Nozzle Cylinder: Steel Valve: Heavy-Duty Brass Mobility: Two-Wheel Industrial Carriage Compliance: UL Listed, UL Listed, NFPA 10 Applications Aircraft hangars Aircraft maintenance facilities Airports Military installations Data centres Server rooms Telecommunications facilities Electrical substations Control rooms Generator rooms Industrial manufacturing plants Petrochemical facilities Offshore platforms Marine applications Museums Archives Laboratories Pharmaceutical facilities Clean rooms Warehouses containing sensitive equipment Advantages of Halotron I Leaves no powder residue Minimizes equipment damage Eliminates lengthy cleanup Helps reduce operational downtime Safe for electronics Non-corrosive Electrically non-conductive Excellent visibility during discharge",https://teslafire.com/product/amerex-674-150-lb-halotron-i-wheeled-fire-extinguisher/,https://teslafire.com/wp-content/uploads/2026/07/674.png,in_stock,39307.21 USD,26650.00 USD,Amerex,new,,B674,
B675,Amerex B675 | 150 lb Halotron I | Wheeled Clean Agent Fire Extinguisher | 10A:120B:C,"The Amerex B675 150 lb Halotron I Wheeled Fire Extinguisher is engineered for protecting large, high-value commercial and industrial facilities where clean agent fire suppression is essential. Charged with 150 lb of Halotron I , this extinguisher effectively suppresses Class A, B, and C fires while leaving no residue , minimizing equipment damage and reducing costly cleanup and downtime. Halotron I is specifically designed for environments containing sensitive electronics, electrical equipment, aviation assets, and critical infrastructure. Unlike the Model 674 , the B675 is equipped with 36-inch steel wheels with rubber tread , making it ideal for rough terrain, outdoor industrial sites, airports, military installations, petrochemical facilities, and remote locations where larger wheels improve mobility. Its heavy-duty steel carriage, industrial hose assembly, brass valve, and rugged construction make the Amerex B675 a dependable solution for demanding fire protection applications. Key Features 150 lb Halotron I Clean Agent UL Rated 10A:120B:C Heavy-duty wheeled fire extinguisher Large 36-inch steel wheels with rubber tread Leaves no residue after discharge Electrically non-conductive Safe for energized electrical equipment Long-range industrial discharge hose Heavy-duty brass valve assembly Corrosion-resistant steel cylinder Designed for operation by a single person Manufactured to UL Standards NFPA 10 Compliant ISO 9001 & ISO 14001 Certified Specifications Manufacturer: Amerex Model: B675 Agent: Halotron I Clean Agent Capacity: 150 lb Fire Rating: 10A:120B:C Extinguisher Type: Wheeled Application: Class A, B & C Fires Valve: Heavy-Duty Brass Discharge Hose: 50 ft Industrial Hose Wheel Configuration: 36"" Steel Wheels with Rubber Tread Cylinder: Steel Compliance: UL Listed, UL Listed, NFPA 10 Compliant Applications Aircraft hangars Airports Aircraft maintenance facilities Military bases Petrochemical plants Oil & gas facilities Refineries Electrical substations Data centres Server rooms Telecommunications facilities Manufacturing plants Warehouses Power generation facilities Marine terminals Heavy industrial sites Chemical processing facilities Advantages of Halotron I Leaves no powder residue Safe for delicate electronic equipment Non-conductive agent Non-corrosive Rapid evaporation after discharge Reduces equipment damage Minimizes business interruption Excellent operator visibility during discharge",https://teslafire.com/product/amerex-675-150-lb-halotron-i-wheeled-fire-extinguisher/,https://teslafire.com/wp-content/uploads/2026/07/675.png,in_stock,46929.50 USD,31818.00 USD,Amerex,new,,B675,
331,Amerex 331 | 15 lb CO₂ | Fire Extinguisher with Wall Bracket | 10B:C,"The Amerex 331 15 lb Carbon Dioxide (CO₂) Fire Extinguisher provides clean, residue-free fire protection for Class B flammable liquid fires and Class C energized electrical equipment . Using carbon dioxide as the extinguishing agent, the 331 suppresses fire by reducing oxygen levels without leaving powder or liquid residue, making it ideal for protecting sensitive electronics, machinery, and critical equipment. With a larger agent capacity than the 10 lb model, the Amerex 331 offers increased discharge time and greater firefighting capability for commercial, industrial, and institutional environments. It is commonly installed in electrical rooms, data centers, telecommunications facilities, manufacturing plants, laboratories, healthcare facilities, marine applications, and mechanical rooms . The extinguisher features a seamless aluminum cylinder, heavy-duty chrome-plated brass valve, corrosion-resistant components, and a non-conductive discharge horn engineered for reliable performance and long service life. Key Features 15 lb Carbon Dioxide (CO₂) extinguishing agent UL Rated 10B:C Leaves absolutely no residue after discharge Safe for energized electrical equipment Electrically non-conductive agent Lightweight seamless aluminum cylinder Heavy-duty chrome-plated brass valve Corrosion-resistant construction Large non-conductive discharge horn Stored-pressure design QR-coded multilingual operating instructions Manufactured to UL Standards NFPA 10 Compliant ISO 9001 & ISO 14001 Certified Specifications Manufacturer: Amerex Model: 331 Agent: Carbon Dioxide (CO₂) Capacity: 15 lb Fire Rating: 10B:C Extinguisher Type: Hand Portable Cylinder: Lightweight Aluminum Valve: Chrome-Plated Brass Discharge Device: Non-Conductive CO₂ Horn Included Bracket: Wall Bracket Compliance: UL Listed, NFPA 10 Compliant Applications Electrical rooms Switchgear rooms Data centers Server rooms Telecommunications facilities Computer rooms Laboratories Healthcare facilities Manufacturing plants Industrial machinery Control panels CNC equipment Mechanical rooms Marine vessels Commercial offices Retail facilities Benefits of Carbon Dioxide (CO₂) Leaving no residue after use Protecting delicate electronic equipment Eliminating cleanup costs Being electrically non-conductive Minimizing equipment damage Reducing operational downtime Quickly suppressing Class B and C fires",https://teslafire.com/product/amerex-331-15-lb-co2-fire-extinguisher/,https://teslafire.com/wp-content/uploads/2026/07/331x.png,in_stock,786.35 USD,479.00 USD,Amerex,new,,331,
332,Amerex 332 | 20 lb CO₂ | Fire Extinguisher with Wall Bracket | 10B:C,"The Amerex 332 20 lb Carbon Dioxide (CO₂) Fire Extinguisher is engineered for protecting larger Class B flammable liquid fires and Class C energized electrical equipment where a clean extinguishing agent is required. Charged with 20 lb of carbon dioxide , the Model 332 suppresses fires without leaving powder or liquid residue, making it the preferred choice for environments containing sensitive electronics, electrical systems, and valuable equipment. With its larger agent capacity and extended discharge time, the Amerex 332 is ideal for commercial, institutional, and industrial facilities requiring increased firefighting capability. The extinguisher features a seamless aluminum cylinder, heavy-duty chrome-plated brass valve, corrosion-resistant construction, and a non-conductive discharge horn for dependable performance and long service life. Key Features 20 lb Carbon Dioxide (CO₂) extinguishing agent UL Rated 10B:C Clean agent leaves no residue Safe for energized electrical equipment Electrically non-conductive extinguishing agent Extended discharge time for larger hazards Lightweight seamless aluminum cylinder Heavy-duty chrome-plated brass valve Corrosion-resistant construction Large non-conductive discharge horn Stored-pressure design QR-coded multilingual operating instructions Manufactured to UL Standards NFPA 10 Compliant ISO 9001 & ISO 14001 Certified Specifications Manufacturer: Amerex Model: 332 Agent: Carbon Dioxide (CO₂) Capacity: 20 lb Fire Rating: 10B:C Extinguisher Type: Hand Portable Cylinder: Lightweight Aluminum Valve: Chrome-Plated Brass Discharge Device: Non-Conductive CO₂ Horn Included Bracket: Wall Bracket Compliance: UL Listed, NFPA 10 Compliant Applications Electrical rooms Switchgear rooms Data centers Server rooms Telecommunications facilities Computer rooms Laboratories Healthcare facilities Manufacturing plants Industrial machinery Control panels Mechanical rooms Marine vessels Commercial buildings Warehouses Retail facilities Benefits of Carbon Dioxide (CO₂) Leaving no residue after discharge Protecting sensitive electronic equipment Eliminating cleanup costs Being electrically non-conductive Reducing equipment damage Minimizing operational downtime Quickly suppressing Class B and C fires",https://teslafire.com/product/amerex-332-20-lb-co2-fire-extinguisher/,https://teslafire.com/wp-content/uploads/2026/07/332x.png,in_stock,979.80 USD,596.00 USD,Amerex,new,,332,
333,Amerex 333 | 50 lb CO₂ | Wheeled Fire Extinguisher | 20B:C,"The Amerex 333 50 lb Wheeled Carbon Dioxide (CO₂) Fire Extinguisher is designed for rapid suppression of Class B flammable liquid and Class C energized electrical fires in large commercial and industrial environments. Its 50 lb carbon dioxide charge provides extended discharge time and increased firefighting capability while leaving absolutely no residue , making it ideal for protecting sensitive electronics, electrical equipment, machinery, and high-value assets. Mounted on a rugged steel wheeled carriage, the Amerex 333 can be easily transported by a single operator to quickly respond to fires in manufacturing facilities, power generation plants, aircraft maintenance hangars, telecommunications facilities, data centres, marine applications, and industrial processing plants. Unlike dry chemical extinguishers, carbon dioxide will not contaminate sensitive equipment or require costly cleanup after discharge. Key Features 50 lb Carbon Dioxide (CO₂) extinguishing agent UL Rated 20B:C Heavy-duty wheeled extinguisher Leaves absolutely no residue Safe for energized electrical equipment Electrically non-conductive agent Extended discharge time Heavy-duty steel carriage Durable industrial construction Large discharge horn and hose assembly Corrosion-resistant components Easy one-person operation Manufactured to UL Standards NFPA 10 Compliant ISO 9001 & ISO 14001 Certified Specifications Manufacturer: Amerex Model: 333 Agent: Carbon Dioxide (CO₂) Capacity: 50 lb Fire Rating: 20B:C Extinguisher Type: Wheeled Cylinder: Steel Valve: Heavy-Duty Brass Discharge Device: Hose & Non-Conductive CO₂ Horn Mobility: Heavy-Duty Wheeled Carriage Compliance: UL Listed, UL Listed, NFPA 10 Compliant Applications Data centres Server rooms Electrical substations Switchgear rooms Telecommunications facilities Manufacturing plants Aircraft hangars Aircraft maintenance facilities Industrial processing plants Marine facilities Power generation plants Laboratories Pharmaceutical facilities Warehouses Commercial buildings Mechanical rooms Benefits of Carbon Dioxide (CO₂) Leaving no residue after discharge Protecting sensitive electronics Eliminating cleanup costs Being electrically non-conductive Preventing contamination of equipment Reducing operational downtime Quickly suppressing Class B and Class C fires",https://teslafire.com/product/amerex-333-50-lb-wheeled-co2-fire-extinguisher/,https://teslafire.com/wp-content/uploads/2026/07/333.png,in_stock,6657.03 USD,,Amerex,new,,333,
TF-21044,Amerex 674 | 150 lb Halotron I | Wheeled Clean Agent Fire Extinguisher | 2A:10B:C,"The Amerex 674 150 lb Halotron I Wheeled Fire Extinguisher is designed for rapid response to large-scale Class A, B, and C fires where protecting valuable assets is as important as extinguishing the fire. Utilizing Halotron I clean agent , the Model 674 leaves no residue , is non-conductive , and evaporates quickly, helping minimize downtime and costly cleanup after discharge. Its heavy-duty wheeled design allows a single operator to quickly transport the extinguisher to high-hazard areas including aircraft maintenance facilities, petrochemical plants, power generation sites, telecommunications infrastructure, data centers, military installations, and industrial manufacturing facilities. The Amerex 674 features a rugged steel cylinder, corrosion-resistant finish, industrial-grade hose assembly, and dependable all-metal valve construction built to withstand demanding commercial and industrial environments. Key Features 150 lb Halotron I Clean Agent UL/ULC Rated 2A:10B:C Leaves no residue after discharge Safe for energized electrical equipment Non-conductive extinguishing agent Rapidly evaporating clean agent Heavy-duty wheeled industrial design Long-range discharge for large fire hazards Corrosion-resistant construction Durable steel cylinder Large industrial discharge hose Heavy-duty steel carriage Designed for operation by one person Manufactured to UL Standards NFPA 10 Compliant ISO 9001 & ISO 14001 Certified Specifications Manufacturer: Amerex Model: 674 Agent: Halotron I Clean Agent Capacity: 150 lb Fire Rating: 2A:10B:C Extinguisher Type: Wheeled Application: Class A, B & C Fires Discharge: Hose & Industrial Nozzle Cylinder: Steel Valve: Heavy-Duty Brass Mobility: Two-Wheel Industrial Carriage Compliance: UL Listed, ULC Listed, NFPA 10 Applications Aircraft hangars Aircraft maintenance facilities Airports Military installations Data centres Server rooms Telecommunications facilities Electrical substations Control rooms Generator rooms Industrial manufacturing plants Petrochemical facilities Offshore platforms Marine applications Museums Archives Laboratories Pharmaceutical facilities Clean rooms Warehouses containing sensitive equipment Advantages of Halotron I Leaves no powder residue Minimizes equipment damage Eliminates lengthy cleanup Helps reduce operational downtime Safe for electronics Non-corrosive Electrically non-conductive Excellent visibility during discharge",https://teslafire.com/product/amerex-674-150-lb-halotron-i-wheeled-clean-agent-fire-extinguisher-2a10bc/,https://teslafire.com/wp-content/uploads/2026/07/AMEREX-BRACKETS-4-674.png,in_stock,42877.40 USD,34595.00 USD,Amerex,new,,,no
334,Amerex 334 | 100 lb CO₂ | Wheeled Fire Extinguisher | 20B:C,"The Amerex 334 is a 100 lb wheeled carbon dioxide fire extinguisher designed for large Class B flammable-liquid and Class C energized-electrical hazards. Carbon dioxide is electrically non-conductive, odorless, and leaves no residue, helping protect sensitive equipment while minimizing cleanup and downtime. Key Features 100 lb CO₂ agent capacity 20B:C fire rating Residue-free and non-contaminating discharge Heavy-duty wheeled carriage 40 ft hose with discharge horn Single-person transport and operation 5-year manufacturer’s warranty Applications Power-generation facilities Electrical rooms and switchgear areas Manufacturing plants Aircraft maintenance facilities Laboratories and process areas Specifications Manufacturer: Amerex Model: 334 Agent: Carbon Dioxide (CO₂) Capacity: 100 lb Rating: 20B:C Discharge range: 10–15 ft Discharge time: 74 ± 8 seconds Hose length: 40 ft Shipping weight: 461 lb",https://teslafire.com/product/amerex-334-100-lb-co₂-wheeled-fire-extinguisher-20bc/,https://teslafire.com/wp-content/uploads/2026/07/334.png,in_stock,9841.08 USD,,Amerex,new,,334,
680R,Amerex 680R | 150 lb Class D Sodium Chloride | Wheeled Fire Extinguisher,"The Amerex 680R is a large-capacity wheeled Class D fire extinguisher engineered for magnesium, sodium, potassium and sodium-potassium alloy fires. Its argon-cylinder-operated regulated-pressure system delivers the agent at low pressure to help avoid disturbing burning metal while providing controlled application from a safer operating distance. Key Features 150 lb Super D sodium chloride extinguishing agent Regulated to 125 psi 25 ft industrial discharge hose 36-inch steel wheels with non-sparking rubber treads Chrome-plated brass regulator and fittings Heavy-duty steel cylinder and carriage 6-year manufacturer’s warranty Applications Metal-processing facilities Foundries and machine shops Mining and heavy industry Laboratories handling combustible metals Specialized manufacturing operations Specifications Manufacturer: Amerex Model: 680R Agent: Super D sodium chloride Capacity: 150 lb Discharge time: 80 seconds Discharge range: 4–8 ft with applicator Hose length: 25 ft Shipping weight: 444 lb",https://teslafire.com/product/amerex-680r-150-lb-class-d-sodium-chloride-wheeled-fire-extinguisher/,https://teslafire.com/wp-content/uploads/2026/07/680R.png,in_stock,17600.11 USD,,Amerex,new,,680R,
681R,Amerex 681R | 250 lb Class D Copper | Wheeled Fire Extinguisher,The Amerex 681R is a large-capacity wheeled Class D fire extinguisher engineered for lithium and lithium-alloy metal fires. Its argon-cylinder-operated regulated-pressure system delivers the agent at low pressure to help avoid disturbing burning metal while providing controlled application from a safer operating distance. Key Features 250 lb Copper powder extinguishing agent Regulated to 125 psi 25 ft industrial discharge hose 36-inch steel wheels with non-sparking rubber treads Chrome-plated brass regulator and fittings Heavy-duty steel cylinder and carriage 6-year manufacturer’s warranty Applications Metal-processing facilities Foundries and machine shops Mining and heavy industry Laboratories handling combustible metals Specialized manufacturing operations Specifications Manufacturer: Amerex Model: 681R Agent: Copper powder Capacity: 250 lb Discharge time: 120 seconds Discharge range: 4–8 ft with applicator Hose length: 25 ft Shipping weight: 544 lb,https://teslafire.com/product/amerex-681r-250-lb-class-d-copper-wheeled-fire-extinguisher/,https://teslafire.com/wp-content/uploads/2026/07/681R.png,in_stock,23979.09 USD,,Amerex,new,,681R,
711,Amerex 711 Z-Series | 10 lb ABC | Compliance Flow Fire Extinguisher | 4A:80B:C,"The Amerex 711 Z-Series is a 10 lb ABC dry chemical compliance flow fire extinguisher built for corrosive and high-hazard industrial environments. Its proprietary zinc-rich corrosion-resistant coating, heavy-duty brass valve components, and stored-pressure design provide reliable performance with straightforward inspection and maintenance. Key Features 10 lb ABC dry chemical 4A:80B:C fire rating Compliance Flow design 22-second discharge time UL Verified corrosion-resistant Z-Series construction Chrome-plated brass valve Stored-pressure operation 12-year manufacturer’s corrosion warranty Wall bracket included Applications Oil and gas facilities Marine and coastal environments Mining operations Chemical processing plants Heavy manufacturing Waste-management facilities Specifications Manufacturer: Amerex Model: 711 Series: Z-Series High Performance Agent: ABC dry chemical Capacity: 10 lb Flow type: Compliance Flow Rating: 4A:80B:C Discharge time: 22 seconds Shipping weight: 20 lb",https://teslafire.com/product/amerex-711-z-series-10-lb-abc-compliance-flow-fire-extinguisher-4a80bc/,https://teslafire.com/wp-content/uploads/2026/07/AMEREX-BRACKETS-6-711X.png,in_stock,572.36 USD,,Amerex,new,,711,
713,Amerex 713 Z-Series | 13.2 lb ABC | Compliance Flow Fire Extinguisher | 4A:80B:C,"The Amerex 713 Z-Series is a 13.2 lb ABC dry chemical compliance flow fire extinguisher built for corrosive and high-hazard industrial environments. Its proprietary zinc-rich corrosion-resistant coating, heavy-duty brass valve components, and stored-pressure design provide reliable performance with straightforward inspection and maintenance. Key Features 13.2 lb ABC dry chemical 4A:80B:C fire rating Compliance Flow design 22-second discharge time UL Verified corrosion-resistant Z-Series construction Chrome-plated brass valve Stored-pressure operation 12-year manufacturer’s corrosion warranty Wall bracket included Applications Oil and gas facilities Marine and coastal environments Mining operations Chemical processing plants Heavy manufacturing Waste-management facilities Specifications Manufacturer: Amerex Model: 713 Series: Z-Series High Performance Agent: ABC dry chemical Capacity: 13.2 lb Flow type: Compliance Flow Rating: 4A:80B:C Discharge time: 22 seconds Shipping weight: 31 lb",https://teslafire.com/product/amerex-713-z-series-13-2-lb-abc-compliance-flow-fire-extinguisher-4a80bc/,https://teslafire.com/wp-content/uploads/2026/07/713.png,in_stock,776.00 USD,,Amerex,new,,713,
714,Amerex 714 Z-Series | 20 lb ABC | Compliance Flow Fire Extinguisher | 10A:120B:C,"The Amerex 714 Z-Series is a 20 lb ABC dry chemical compliance flow fire extinguisher built for corrosive and high-hazard industrial environments. Its proprietary zinc-rich corrosion-resistant coating, heavy-duty brass valve components, and stored-pressure design provide reliable performance with straightforward inspection and maintenance. Key Features 20 lb ABC dry chemical 10A:120B:C fire rating Compliance Flow design 30-second discharge time UL Verified corrosion-resistant Z-Series construction Chrome-plated brass valve Stored-pressure operation 12-year manufacturer’s corrosion warranty Wall bracket included Applications Oil and gas facilities Marine and coastal environments Mining operations Chemical processing plants Heavy manufacturing Waste-management facilities Specifications Manufacturer: Amerex Model: 714 Series: Z-Series High Performance Agent: ABC dry chemical Capacity: 20 lb Flow type: Compliance Flow Rating: 10A:120B:C Discharge time: 30 seconds Shipping weight: 43 lb",https://teslafire.com/product/amerex-714-z-series-20-lb-abc-compliance-flow-fire-extinguisher-10a120bc/,https://teslafire.com/wp-content/uploads/2026/07/714.png,in_stock,893.96 USD,686.00 USD,Amerex,new,,714,
716,Amerex 716 Z-Series | 13.2 lb Purple K | Compliance Flow Fire Extinguisher | 80B:C,"The Amerex 716 Z-Series is a 13.2 lb Purple K dry chemical compliance flow fire extinguisher built for corrosive and high-hazard industrial environments. Its proprietary zinc-rich corrosion-resistant coating, heavy-duty brass valve components, and stored-pressure design provide reliable performance with straightforward inspection and maintenance. Key Features 13.2 lb Purple K dry chemical 80B:C fire rating Compliance Flow design 22-second discharge time UL Verified corrosion-resistant Z-Series construction Chrome-plated brass valve Stored-pressure operation 12-year manufacturer’s corrosion warranty Wall bracket included Applications Oil and gas facilities Marine and coastal environments Mining operations Chemical processing plants Heavy manufacturing Waste-management facilities Specifications Manufacturer: Amerex Model: 716 Series: Z-Series High Performance Agent: Purple K dry chemical Capacity: 13.2 lb Flow type: Compliance Flow Rating: 80B:C Discharge time: 22 seconds Shipping weight: 31 lb",https://teslafire.com/product/amerex-716-z-series-13-2-lb-purple-k-compliance-flow-fire-extinguisher-80bc/,https://teslafire.com/wp-content/uploads/2026/07/716.png,in_stock,885.55 USD,,Amerex,new,,716,
717,Amerex 717 Z-Series | 20 lb Purple K | Compliance Flow Fire Extinguisher | 120B:C,"The Amerex 717 Z-Series is a 20 lb Purple K dry chemical compliance flow fire extinguisher built for corrosive and high-hazard industrial environments. Its proprietary zinc-rich corrosion-resistant coating, heavy-duty brass valve components, and stored-pressure design provide reliable performance with straightforward inspection and maintenance. Key Features 20 lb Purple K dry chemical 120B:C fire rating Compliance Flow design 29-second discharge time UL Verified corrosion-resistant Z-Series construction Chrome-plated brass valve Stored-pressure operation 12-year manufacturer’s corrosion warranty Wall bracket included Applications Oil and gas facilities Marine and coastal environments Mining operations Chemical processing plants Heavy manufacturing Waste-management facilities Specifications Manufacturer: Amerex Model: 717 Series: Z-Series High Performance Agent: Purple K dry chemical Capacity: 20 lb Flow type: Compliance Flow Rating: 120B:C Discharge time: 29 seconds Shipping weight: 43 lb",https://teslafire.com/product/amerex-717-z-series-20-lb-purple-k-compliance-flow-fire-extinguisher-120bc/,https://teslafire.com/wp-content/uploads/2026/07/717.png,in_stock,977.43 USD,750.00 USD,Amerex,new,,717,
718,Amerex 718 Z-Series | 30 lb Purple K | Compliance Flow Fire Extinguisher | 160B:C,"The Amerex 718 Z-Series is a 30 lb Purple K dry chemical compliance flow fire extinguisher built for corrosive and high-hazard industrial environments. Its proprietary zinc-rich corrosion-resistant coating, heavy-duty brass valve components, and stored-pressure design provide reliable performance with straightforward inspection and maintenance. Key Features 30 lb Purple K dry chemical 160B:C fire rating Compliance Flow design 34-second discharge time UL Verified corrosion-resistant Z-Series construction Chrome-plated brass valve Stored-pressure operation 12-year manufacturer’s corrosion warranty Wall bracket included Applications Oil and gas facilities Marine and coastal environments Mining operations Chemical processing plants Heavy manufacturing Waste-management facilities Specifications Manufacturer: Amerex Model: 718 Series: Z-Series High Performance Agent: Purple K dry chemical Capacity: 30 lb Flow type: Compliance Flow Rating: 160B:C Discharge time: 34 seconds Shipping weight: 58 lb",https://teslafire.com/product/amerex-718-z-series-30-lb-purple-k-compliance-flow-fire-extinguisher-160bc/,https://teslafire.com/wp-content/uploads/2026/07/718.png,in_stock,1144.99 USD,878.00 USD,Amerex,new,,718,
790,Amerex 790 Z-Series | 13.2 lb ABC | Fast Flow Fire Extinguisher | 2A:40B:C,"The Amerex 790 Z-Series is a 13.2 lb ABC dry chemical fast flow fire extinguisher built for corrosive and high-hazard industrial environments. Its proprietary zinc-rich corrosion-resistant coating, heavy-duty brass valve components, and stored-pressure design provide reliable performance with straightforward inspection and maintenance. Key Features 13.2 lb ABC dry chemical 2A:40B:C fire rating Fast Flow design 15-second discharge time UL Verified corrosion-resistant Z-Series construction Chrome-plated brass valve Stored-pressure operation 12-year manufacturer’s corrosion warranty Wall bracket included Applications Oil and gas facilities Marine and coastal environments Mining operations Chemical processing plants Heavy manufacturing Waste-management facilities Specifications Manufacturer: Amerex Model: 790 Series: Z-Series High Performance Agent: ABC dry chemical Capacity: 13.2 lb Flow type: Fast Flow Rating: 2A:40B:C Discharge time: 15 seconds Shipping weight: 31 lb",https://teslafire.com/product/amerex-790-z-series-13-2-lb-abc-fast-flow-fire-extinguisher-2a40bc/,https://teslafire.com/wp-content/uploads/2026/07/790.png,in_stock,792.81 USD,,Amerex,new,,790,
791,Amerex 791 Z-Series | 20 lb ABC | Fast Flow Fire Extinguisher | 4A:40B:C,"The Amerex 791 Z-Series is a 20 lb ABC dry chemical fast flow fire extinguisher built for corrosive and high-hazard industrial environments. Its proprietary zinc-rich corrosion-resistant coating, heavy-duty brass valve components, and stored-pressure design provide reliable performance with straightforward inspection and maintenance. Key Features 20 lb ABC dry chemical 4A:40B:C fire rating Fast Flow design 18-second discharge time UL Verified corrosion-resistant Z-Series construction Chrome-plated brass valve Stored-pressure operation 12-year manufacturer’s corrosion warranty Wall bracket included Applications Oil and gas facilities Marine and coastal environments Mining operations Chemical processing plants Heavy manufacturing Waste-management facilities Specifications Manufacturer: Amerex Model: 791 Series: Z-Series High Performance Agent: ABC dry chemical Capacity: 20 lb Flow type: Fast Flow Rating: 4A:40B:C Discharge time: 18 seconds Shipping weight: 53 lb",https://teslafire.com/product/amerex-791-z-series-20-lb-abc-fast-flow-fire-extinguisher-4a40bc/,https://teslafire.com/wp-content/uploads/2026/07/791-2.png,in_stock,875.89 USD,673.00 USD,Amerex,new,,791,
792,Amerex 792 Z-Series | 30 lb ABC | Fast Flow Fire Extinguisher | 4A:40B:C,"The Amerex 792 Z-Series is a 30 lb ABC dry chemical fast flow fire extinguisher built for corrosive and high-hazard industrial environments. Its proprietary zinc-rich corrosion-resistant coating, heavy-duty brass valve components, and stored-pressure design provide reliable performance with straightforward inspection and maintenance. Key Features 30 lb ABC dry chemical 4A:40B:C fire rating Fast Flow design 21-second discharge time UL Verified corrosion-resistant Z-Series construction Chrome-plated brass valve Stored-pressure operation 12-year manufacturer’s corrosion warranty Wall bracket included Applications Oil and gas facilities Marine and coastal environments Mining operations Chemical processing plants Heavy manufacturing Waste-management facilities Specifications Manufacturer: Amerex Model: 792 Series: Z-Series High Performance Agent: ABC dry chemical Capacity: 30 lb Flow type: Fast Flow Rating: 4A:40B:C Discharge time: 21 seconds Shipping weight: 58 lb",https://teslafire.com/product/amerex-792-z-series-30-lb-abc-fast-flow-fire-extinguisher-4a40bc/,https://teslafire.com/wp-content/uploads/2026/07/792.png,in_stock,1046.98 USD,801.00 USD,Amerex,new,,792,
793,Amerex 793 Z-Series | 13.2 lb Purple K | Fast Flow Fire Extinguisher | 40B:C,"The Amerex 793 Z-Series is a 13.2 lb Purple K dry chemical fast flow fire extinguisher built for corrosive and high-hazard industrial environments. Its proprietary zinc-rich corrosion-resistant coating, heavy-duty brass valve components, and stored-pressure design provide reliable performance with straightforward inspection and maintenance. Key Features 13.2 lb Purple K dry chemical 40B:C fire rating Fast Flow design 15-second discharge time UL Verified corrosion-resistant Z-Series construction Chrome-plated brass valve Stored-pressure operation 12-year manufacturer’s corrosion warranty Wall bracket included Applications Oil and gas facilities Marine and coastal environments Mining operations Chemical processing plants Heavy manufacturing Waste-management facilities Specifications Manufacturer: Amerex Model: 793 Series: Z-Series High Performance Agent: Purple K dry chemical Capacity: 13.2 lb Flow type: Fast Flow Rating: 40B:C Discharge time: 15 seconds Shipping weight: 31 lb",https://teslafire.com/product/amerex-793-z-series-13-2-lb-purple-k-fast-flow-fire-extinguisher-40bc/,https://teslafire.com/wp-content/uploads/2026/07/793.png,in_stock,808.73 USD,621.00 USD,Amerex,new,,793,
794,Amerex 794 Z-Series | 20 lb Purple K | Fast Flow Fire Extinguisher | 40B:C,"The Amerex 794 Z-Series is a 20 lb Purple K dry chemical fast flow fire extinguisher built for corrosive and high-hazard industrial environments. Its proprietary zinc-rich corrosion-resistant coating, heavy-duty brass valve components, and stored-pressure design provide reliable performance with straightforward inspection and maintenance. Key Features 20 lb Purple K dry chemical 40B:C fire rating Fast Flow design 15-second discharge time UL Verified corrosion-resistant Z-Series construction Chrome-plated brass valve Stored-pressure operation 12-year manufacturer’s corrosion warranty Wall bracket included Applications Oil and gas facilities Marine and coastal environments Mining operations Chemical processing plants Heavy manufacturing Waste-management facilities Specifications Manufacturer: Amerex Model: 794 Series: Z-Series High Performance Agent: Purple K dry chemical Capacity: 20 lb Flow type: Fast Flow Rating: 40B:C Discharge time: 15 seconds Shipping weight: 43 lb",https://teslafire.com/product/amerex-794-z-series-20-lb-purple-k-fast-flow-fire-extinguisher-40bc/,https://teslafire.com/wp-content/uploads/2026/07/794-1.png,in_stock,930.26 USD,714.00 USD,Amerex,new,,794,
795,Amerex 795 Z-Series | 20 lb Purple K | Fast Flow Fire Extinguisher | 20B:C,"The Amerex 795 Z-Series is a 20 lb Purple K dry chemical fast flow fire extinguisher built for corrosive and high-hazard industrial environments. Its proprietary zinc-rich corrosion-resistant coating, heavy-duty brass valve components, and stored-pressure design provide reliable performance with straightforward inspection and maintenance. Key Features 20 lb Purple K dry chemical 20B:C fire rating Fast Flow design 10-second discharge time UL Verified corrosion-resistant Z-Series construction Chrome-plated brass valve Stored-pressure operation 12-year manufacturer’s corrosion warranty Wall bracket included Applications Oil and gas facilities Marine and coastal environments Mining operations Chemical processing plants Heavy manufacturing Waste-management facilities Specifications Manufacturer: Amerex Model: 795 Series: Z-Series High Performance Agent: Purple K dry chemical Capacity: 20 lb Flow type: Fast Flow Rating: 20B:C Discharge time: 10 seconds Shipping weight: 43 lb",https://teslafire.com/product/amerex-795-z-series-20-lb-purple-k-fast-flow-fire-extinguisher-20bc/,https://teslafire.com/wp-content/uploads/2026/07/795-1.png,in_stock,930.35 USD,714.00 USD,Amerex,new,,795,
796,Amerex 796 Z-Series | 30 lb Purple K | Fast Flow Fire Extinguisher | 40B:C,"The Amerex 796 Z-Series is a 30 lb Purple K dry chemical fast flow fire extinguisher built for corrosive and high-hazard industrial environments. Its proprietary zinc-rich corrosion-resistant coating, heavy-duty brass valve components, and stored-pressure design provide reliable performance with straightforward inspection and maintenance. Key Features 30 lb Purple K dry chemical 40B:C fire rating Fast Flow design 16-second discharge time UL Verified corrosion-resistant Z-Series construction Chrome-plated brass valve Stored-pressure operation 12-year manufacturer’s corrosion warranty Wall bracket included Applications Oil and gas facilities Marine and coastal environments Mining operations Chemical processing plants Heavy manufacturing Waste-management facilities Specifications Manufacturer: Amerex Model: 796 Series: Z-Series High Performance Agent: Purple K dry chemical Capacity: 30 lb Flow type: Fast Flow Rating: 40B:C Discharge time: 16 seconds Shipping weight: 58 lb",https://teslafire.com/product/amerex-796-z-series-30-lb-purple-k-fast-flow-fire-extinguisher-40bc/,https://teslafire.com/wp-content/uploads/2026/07/796.png,in_stock,1136.20 USD,871.00 USD,Amerex,new,,796,
495,Amerex 495 | 50 lb ABC | Wheeled Dry Chemical Fire Extinguisher | 20A:160B:C,"The Amerex 495 is a 50 lb wheeled ABC multipurpose dry chemical fire extinguisher designed for large-volume fire protection in extra-high-hazard commercial and industrial areas. The rugged carriage, long-range hose and high-capacity agent supply allow one-person transport and operation. Key Features 50 lb ABC multipurpose dry chemical 20A:160B:C fire rating Stored Pressure configuration 35-second discharge time 25 ft discharge hose 12.5"" semi-pneumatic wheels Heavy-duty steel cylinder and carriage UL Listed Applications Oil and gas operations Mining sites Chemical facilities Airports and military installations Heavy construction Industrial manufacturing Specifications Manufacturer: Amerex Model: 495 Agent: ABC multipurpose dry chemical Capacity: 50 lb Operating design: Stored Pressure Rating: 20A:160B:C Discharge time: 35 seconds Hose length: 25 ft Wheel type: 12.5"" semi-pneumatic Shipping weight: 174 lb",https://teslafire.com/product/amerex-495x-50-lb-abc-wheeled-dry-chemical-fire-extinguisher-20a160bc/,https://teslafire.com/wp-content/uploads/2026/07/495X-1.png,in_stock,4668.98 USD,3567.00 USD,Amerex,new,,495,
488,Amerex 488 | 125 lb ABC | Wheeled Dry Chemical Fire Extinguisher | 30A:240B:C,"The Amerex 488 is a 125 lb wheeled ABC multipurpose dry chemical fire extinguisher designed for large-volume fire protection in extra-high-hazard commercial and industrial areas. The rugged carriage, long-range hose and high-capacity agent supply allow one-person transport and operation. Key Features 125 lb ABC multipurpose dry chemical 30A:240B:C fire rating Stored Pressure configuration 49-second discharge time 50 ft discharge hose 16"" semi-pneumatic wheels Heavy-duty steel cylinder and carriage UL Listed Applications Oil and gas operations Mining sites Chemical facilities Airports and military installations Heavy construction Industrial manufacturing Specifications Manufacturer: Amerex Model: 488 Agent: ABC multipurpose dry chemical Capacity: 125 lb Operating design: Stored Pressure Rating: 30A:240B:C Discharge time: 49 seconds Hose length: 50 ft Wheel type: 16"" semi-pneumatic Shipping weight: 344 lb",https://teslafire.com/product/amerex-488x-125-lb-abc-wheeled-dry-chemical-fire-extinguisher-30a240bc/,https://teslafire.com/wp-content/uploads/2026/07/488x.png,in_stock,8302.15 USD,5737.00 USD,Amerex,new,,488,
497,Amerex 497 | 50 lb Purple K | Wheeled Dry Chemical Fire Extinguisher | 160B:C,"The Amerex 497 is a 50 lb wheeled Purple K dry chemical fire extinguisher designed for large-volume fire protection in extra-high-hazard commercial and industrial areas. The rugged carriage, long-range hose and high-capacity agent supply allow one-person transport and operation. Key Features 50 lb Purple K dry chemical 160B:C fire rating Stored Pressure configuration 33-second discharge time 25 ft discharge hose 12.5"" semi-pneumatic wheels Heavy-duty steel cylinder and carriage UL Listed Applications Oil and gas operations Mining sites Chemical facilities Airports and military installations Heavy construction Industrial manufacturing Specifications Manufacturer: Amerex Model: 497 Agent: Purple K dry chemical Capacity: 50 lb Operating design: Stored Pressure Rating: 160B:C Discharge time: 33 seconds Hose length: 25 ft Wheel type: 12.5"" semi-pneumatic Shipping weight: 174 lb",https://teslafire.com/product/amerex-497-50-lb-purple-k-wheeled-dry-chemical-fire-extinguisher-160bc/,https://teslafire.com/wp-content/uploads/2026/07/497.png,in_stock,5240.07 USD,,Amerex,new,,497,
490,Amerex 490 | 125 lb Purple K | Wheeled Dry Chemical Fire Extinguisher | 320B:C,"The Amerex 490 is a 125 lb wheeled Purple K dry chemical fire extinguisher designed for large-volume fire protection in extra-high-hazard commercial and industrial areas. The rugged carriage, long-range hose and high-capacity agent supply allow one-person transport and operation. Key Features 125 lb Purple K dry chemical 320B:C fire rating Stored Pressure configuration 52-second discharge time 50 ft discharge hose 16"" semi-pneumatic wheels Heavy-duty steel cylinder and carriage UL Listed Applications Oil and gas operations Mining sites Chemical facilities Airports and military installations Heavy construction Industrial manufacturing Specifications Manufacturer: Amerex Model: 490 Agent: Purple K dry chemical Capacity: 125 lb Operating design: Stored Pressure Rating: 320B:C Discharge time: 52 seconds Hose length: 50 ft Wheel type: 16"" semi-pneumatic Shipping weight: 344 lb",https://teslafire.com/product/amerex-490x-125-lb-purple-k-wheeled-dry-chemical-fire-extinguisher-320bc/,https://teslafire.com/wp-content/uploads/2026/07/490x.png,in_stock,9478.09 USD,6549.00 USD,Amerex,new,,490,
450,Amerex 450 | 125 lb ABC | Wheeled Dry Chemical Fire Extinguisher | 30A:240B:C,"The Amerex 450 is a 125 lb wheeled ABC multipurpose dry chemical fire extinguisher designed for large-volume fire protection in extra-high-hazard commercial and industrial areas. The rugged carriage, long-range hose and high-capacity agent supply allow one-person transport and operation. Key Features 125 lb ABC multipurpose dry chemical 30A:240B:C fire rating Nitrogen Cylinder Operated configuration 52-second discharge time 50 ft discharge hose 16"" semi-pneumatic wheels Heavy-duty steel cylinder and carriage UL Listed Applications Oil and gas operations Mining sites Chemical facilities Airports and military installations Heavy construction Industrial manufacturing Specifications Manufacturer: Amerex Model: 450 Agent: ABC multipurpose dry chemical Capacity: 125 lb Operating design: Nitrogen Cylinder Operated Rating: 30A:240B:C Discharge time: 52 seconds Hose length: 50 ft Wheel type: 16"" semi-pneumatic Shipping weight: 335 lb",https://teslafire.com/product/amerex-450-125-lb-abc-wheeled-dry-chemical-fire-extinguisher-30a240bc/,https://teslafire.com/wp-content/uploads/2026/07/450.png,in_stock,8549.97 USD,,Amerex,new,,450,
452,Amerex 452 | 125 lb Purple K | Wheeled Dry Chemical Fire Extinguisher | 320B:C,"The Amerex 452 is a 125 lb wheeled Purple K dry chemical fire extinguisher designed for large-volume fire protection in extra-high-hazard commercial and industrial areas. The rugged carriage, long-range hose and high-capacity agent supply allow one-person transport and operation. Key Features 125 lb Purple K dry chemical 320B:C fire rating Nitrogen Cylinder Operated configuration 52-second discharge time 50 ft discharge hose 16"" semi-pneumatic wheels Heavy-duty steel cylinder and carriage UL Listed Applications Oil and gas operations Mining sites Chemical facilities Airports and military installations Heavy construction Industrial manufacturing Specifications Manufacturer: Amerex Model: 452 Agent: Purple K dry chemical Capacity: 125 lb Operating design: Nitrogen Cylinder Operated Rating: 320B:C Discharge time: 52 seconds Hose length: 50 ft Wheel type: 16"" semi-pneumatic Shipping weight: 335 lb",https://teslafire.com/product/amerex-452-125-lb-purple-k-wheeled-dry-chemical-fire-extinguisher-320bc/,https://teslafire.com/wp-content/uploads/2026/07/amerex-125-lb.png,in_stock,9873.35 USD,,Amerex,new,,452,
491,Amerex 491 | 300 lb ABC | Wheeled Dry Chemical Fire Extinguisher | 40A:320B:C,"The Amerex 491 is a 300 lb wheeled ABC multipurpose dry chemical fire extinguisher designed for large-volume fire protection in extra-high-hazard commercial and industrial areas. The rugged carriage, long-range hose and high-capacity agent supply allow one-person transport and operation. Key Features 300 lb ABC multipurpose dry chemical 40A:320B:C fire rating Nitrogen Cylinder Operated configuration 60-second discharge time 50 ft discharge hose 36"" steel wheels Heavy-duty steel cylinder and carriage UL Listed Applications Oil and gas operations Mining sites Chemical facilities Airports and military installations Heavy construction Industrial manufacturing Specifications Manufacturer: Amerex Model: 491 Agent: ABC multipurpose dry chemical Capacity: 300 lb Operating design: Nitrogen Cylinder Operated Rating: 40A:320B:C Discharge time: 60 seconds Hose length: 50 ft Wheel type: 36"" steel Shipping weight: 743 lb",https://teslafire.com/product/amerex-491-300-lb-abc-wheeled-dry-chemical-fire-extinguisher-40a320bc/,https://teslafire.com/wp-content/uploads/2026/07/491-1.png,in_stock,13769.32 USD,9515.00 USD,Amerex,new,,491,
493,Amerex 493 | 300 lb Purple K | Wheeled Dry Chemical Fire Extinguisher | 320B:C,"The Amerex 493 is a 300 lb wheeled Purple K dry chemical fire extinguisher designed for large-volume fire protection in extra-high-hazard commercial and industrial areas. The rugged carriage, long-range hose and high-capacity agent supply allow one-person transport and operation. Key Features 300 lb Purple K dry chemical 320B:C fire rating Nitrogen Cylinder Operated configuration 67-second discharge time 50 ft discharge hose 36"" steel wheels Heavy-duty steel cylinder and carriage UL Listed Applications Oil and gas operations Mining sites Chemical facilities Airports and military installations Heavy construction Industrial manufacturing Specifications Manufacturer: Amerex Model: 493 Agent: Purple K dry chemical Capacity: 300 lb Operating design: Nitrogen Cylinder Operated Rating: 320B:C Discharge time: 67 seconds Hose length: 50 ft Wheel type: 36"" steel Shipping weight: 743 lb",https://teslafire.com/product/amerex-493-300-lb-purple-k-wheeled-dry-chemical-fire-extinguisher-320bc/,https://teslafire.com/wp-content/uploads/2026/07/493.png,in_stock,16229.08 USD,,Amerex,new,,493,
845,Amerex 845 Vehicle Bracket | Model A620,"The Amerex 845 Vehicle Bracket | Model A620 is engineered to securely retain A620 extinguisher in demanding vehicle applications. It provides stable mounting and quick extinguisher access while helping prevent movement during transportation, vibration or equipment operation. Key Features Genuine Amerex bracket Heavy-duty steel construction Secure extinguisher retention Designed for quick emergency access Meets Amerex mounting requirements Suitable for commercial and industrial use Applications Service vehicles Marine vessels Mobile equipment Industrial machinery Fleet and transportation applications Specifications Manufacturer: Amerex Model: 845 Product type: Fire extinguisher mounting bracket Compatibility: A620 extinguisher Application: Vehicle Shipping weight: 0.5 lb",https://teslafire.com/product/amerex-845-vehicle-bracket-model-a620/,https://teslafire.com/wp-content/uploads/2026/07/845.png,in_stock,15.18 USD,,Amerex,new,,845,
845B,Amerex 845B Black Vehicle Bracket | Model A620,"The Amerex 845B Black Vehicle Bracket | Model A620 is engineered to securely retain A620 extinguisher in demanding vehicle applications. It provides stable mounting and quick extinguisher access while helping prevent movement during transportation, vibration or equipment operation. Key Features Genuine Amerex bracket Heavy-duty steel construction Secure extinguisher retention Designed for quick emergency access Meets Amerex mounting requirements Suitable for commercial and industrial use Applications Service vehicles Marine vessels Mobile equipment Industrial machinery Fleet and transportation applications Specifications Manufacturer: Amerex Model: 845B Product type: Fire extinguisher mounting bracket Compatibility: A620 extinguisher Application: Vehicle Shipping weight: 0.5 lb",https://teslafire.com/product/amerex-845b-black-vehicle-bracket-model-a620/,https://teslafire.com/wp-content/uploads/2026/07/845B-1.png,in_stock,20.72 USD,,Amerex,new,,845B,
817B,Amerex 817B Black Vehicle/Marine Bracket | 2.5 lb Extinguishers,"The Amerex 817B Black Vehicle/Marine Bracket | 2.5 lb Extinguishers is engineered to securely retain 2.5 lb Amerex extinguishers in demanding vehicle and marine applications. It provides stable mounting and quick extinguisher access while helping prevent movement during transportation, vibration or equipment operation. Key Features Genuine Amerex bracket Heavy-duty steel construction Secure extinguisher retention Designed for quick emergency access Meets Amerex mounting requirements Suitable for commercial and industrial use Applications Service vehicles Marine vessels Mobile equipment Industrial machinery Fleet and transportation applications Specifications Manufacturer: Amerex Model: 817B Product type: Fire extinguisher mounting bracket Compatibility: 2.5 lb Amerex extinguishers Application: Vehicle And Marine Shipping weight: 0.5 lb",https://teslafire.com/product/amerex-817b-black-vehicle-marine-bracket-2-5-lb-extinguishers/,https://teslafire.com/wp-content/uploads/2026/07/817B.png,in_stock,31.67 USD,,Amerex,new,,817B,
818B,Amerex 818B Black Vehicle/Marine Bracket | 5 lb Extinguishers,"The Amerex 818B Black Vehicle/Marine Bracket | 5 lb Extinguishers is engineered to securely retain 5 lb Amerex extinguishers in demanding vehicle and marine applications. It provides stable mounting and quick extinguisher access while helping prevent movement during transportation, vibration or equipment operation. Key Features Genuine Amerex bracket Heavy-duty steel construction Secure extinguisher retention Designed for quick emergency access Meets Amerex mounting requirements Suitable for commercial and industrial use Applications Service vehicles Marine vessels Mobile equipment Industrial machinery Fleet and transportation applications Specifications Manufacturer: Amerex Model: 818B Product type: Fire extinguisher mounting bracket Compatibility: 5 lb Amerex extinguishers Application: Vehicle And Marine Shipping weight: 0.5 lb",https://teslafire.com/product/amerex-818b-black-vehicle-marine-bracket-5-lb-extinguishers/,https://teslafire.com/wp-content/uploads/2026/07/818B.png,in_stock,38.99 USD,,Amerex,new,,818B,
821,Amerex 821 Vehicle/Marine Bracket | 5 lb Extinguishers,"The Amerex 821 Vehicle/Marine Bracket | 5 lb Extinguishers is engineered to securely retain 5 lb Amerex extinguishers in demanding vehicle and marine applications. It provides stable mounting and quick extinguisher access while helping prevent movement during transportation, vibration or equipment operation. Key Features Genuine Amerex bracket Heavy-duty steel construction Secure extinguisher retention Designed for quick emergency access Meets Amerex mounting requirements Suitable for commercial and industrial use Applications Service vehicles Marine vessels Mobile equipment Industrial machinery Fleet and transportation applications Specifications Manufacturer: Amerex Model: 821 Product type: Fire extinguisher mounting bracket Compatibility: 5 lb Amerex extinguishers Application: Vehicle And Marine Shipping weight: 1 lb",https://teslafire.com/product/amerex-821-vehicle-marine-bracket-5-lb-extinguishers/,https://teslafire.com/wp-content/uploads/2026/07/821.png,in_stock,22.70 USD,,Amerex,new,,821,
808,Amerex 808 Vehicle/Marine Bracket | 6 & 9 lb Extinguishers,"The Amerex 808 Vehicle/Marine Bracket | 6 & 9 lb Extinguishers is engineered to securely retain 6 and 9 lb Amerex extinguishers in demanding vehicle and marine applications. It provides stable mounting and quick extinguisher access while helping prevent movement during transportation, vibration or equipment operation. Key Features Genuine Amerex bracket Heavy-duty steel construction Secure extinguisher retention Designed for quick emergency access Meets Amerex mounting requirements Suitable for commercial and industrial use Applications Service vehicles Marine vessels Mobile equipment Industrial machinery Fleet and transportation applications Specifications Manufacturer: Amerex Model: 808 Product type: Fire extinguisher mounting bracket Compatibility: 6 and 9 lb Amerex extinguishers Application: Vehicle And Marine Shipping weight: 1 lb",https://teslafire.com/product/amerex-808-vehicle-marine-bracket-6-9-lb-extinguishers/,https://teslafire.com/wp-content/uploads/2026/07/808.png,in_stock,139.13 USD,,Amerex,new,,808,
846,Amerex 846 Vehicle/Marine Bracket | 10 lb Tall Extinguishers,"The Amerex 846 Vehicle/Marine Bracket | 10 lb Tall Extinguishers is engineered to securely retain 10 lb tall Amerex extinguishers in demanding vehicle and marine applications. It provides stable mounting and quick extinguisher access while helping prevent movement during transportation, vibration or equipment operation. Key Features Genuine Amerex bracket Heavy-duty steel construction Secure extinguisher retention Designed for quick emergency access Meets Amerex mounting requirements Suitable for commercial and industrial use Applications Service vehicles Marine vessels Mobile equipment Industrial machinery Fleet and transportation applications Specifications Manufacturer: Amerex Model: 846 Product type: Fire extinguisher mounting bracket Compatibility: 10 lb tall Amerex extinguishers Application: Vehicle And Marine Shipping weight: 1.5 lb",https://teslafire.com/product/amerex-846-vehicle-marine-bracket-10-lb-tall-extinguishers/,https://teslafire.com/wp-content/uploads/2026/07/846.png,in_stock,60.01 USD,,Amerex,new,,846,
817S,Amerex 817S Aviation Double-Strap Bracket | 2.5 & 3 lb Extinguishers,"The Amerex 817S Aviation Double-Strap Bracket | 2.5 & 3 lb Extinguishers is engineered to securely retain 2.5 and 3 lb Amerex extinguishers in demanding aviation applications. It provides stable mounting and quick extinguisher access while helping prevent movement during transportation, vibration or equipment operation. Key Features Genuine Amerex bracket Heavy-duty steel construction Secure extinguisher retention Designed for quick emergency access Meets Amerex mounting requirements Suitable for commercial and industrial use Applications Service vehicles Marine vessels Aircraft or aviation support equipment Industrial machinery Fleet and transportation applications Specifications Manufacturer: Amerex Model: 817S Product type: Fire extinguisher mounting bracket Compatibility: 2.5 and 3 lb Amerex extinguishers Application: Aviation Shipping weight: 1 lb",https://teslafire.com/product/amerex-817s-aviation-double-strap-bracket-2-5-3-lb-extinguishers/,https://teslafire.com/wp-content/uploads/2026/07/817s.png,in_stock,28.66 USD,,Amerex,new,,817S,
817SB,Amerex 817SB Black Aviation Double-Strap Bracket | 2.5 & 3 lb Extinguishers,"The Amerex 817SB Black Aviation Double-Strap Bracket | 2.5 & 3 lb Extinguishers is engineered to securely retain 2.5 and 3 lb Amerex extinguishers in demanding aviation applications. It provides stable mounting and quick extinguisher access while helping prevent movement during transportation, vibration or equipment operation. Key Features Genuine Amerex bracket Heavy-duty steel construction Secure extinguisher retention Designed for quick emergency access Meets Amerex mounting requirements Suitable for commercial and industrial use Applications Service vehicles Marine vessels Aircraft or aviation support equipment Industrial machinery Fleet and transportation applications Specifications Manufacturer: Amerex Model: 817SB Product type: Fire extinguisher mounting bracket Compatibility: 2.5 and 3 lb Amerex extinguishers Application: Aviation Shipping weight: 1 lb",https://teslafire.com/product/amerex-817sb-black-aviation-double-strap-bracket-2-5-3-lb-extinguishers/,https://teslafire.com/wp-content/uploads/2026/07/817sb.png,in_stock,233.63 USD,,Amerex,new,,817SB,
818S,Amerex 818S Aviation Double-Strap Bracket | 5 lb Extinguishers,"The Amerex 818S Aviation Double-Strap Bracket | 5 lb Extinguishers is engineered to securely retain 5 lb Amerex extinguishers in demanding aviation applications. It provides stable mounting and quick extinguisher access while helping prevent movement during transportation, vibration or equipment operation. Key Features Genuine Amerex bracket Heavy-duty steel construction Secure extinguisher retention Designed for quick emergency access Meets Amerex mounting requirements Suitable for commercial and industrial use Applications Service vehicles Marine vessels Aircraft or aviation support equipment Industrial machinery Fleet and transportation applications Specifications Manufacturer: Amerex Model: 818S Product type: Fire extinguisher mounting bracket Compatibility: 5 lb Amerex extinguishers Application: Aviation Shipping weight: 1 lb",https://teslafire.com/product/amerex-818s-aviation-double-strap-bracket-5-lb-extinguishers/,https://teslafire.com/wp-content/uploads/2026/07/818s-1.png,in_stock,27.00 USD,,Amerex,new,,818S,
821S,Amerex 821S Aviation Double-Strap Bracket | 5 & 5.5 lb Extinguishers,"The Amerex 821S Aviation Double-Strap Bracket | 5 & 5.5 lb Extinguishers is engineered to securely retain 5 and 5.5 lb Amerex extinguishers in demanding aviation applications. It provides stable mounting and quick extinguisher access while helping prevent movement during transportation, vibration or equipment operation. Key Features Genuine Amerex bracket Heavy-duty steel construction Secure extinguisher retention Designed for quick emergency access Meets Amerex mounting requirements Suitable for commercial and industrial use Applications Service vehicles Marine vessels Aircraft or aviation support equipment Industrial machinery Fleet and transportation applications Specifications Manufacturer: Amerex Model: 821S Product type: Fire extinguisher mounting bracket Compatibility: 5 and 5.5 lb Amerex extinguishers Application: Aviation Shipping weight: 1.5 lb",https://teslafire.com/product/amerex-821s-aviation-double-strap-bracket-5-5-5-lb-extinguishers/,https://teslafire.com/wp-content/uploads/2026/07/821s.png,in_stock,28.80 USD,,Amerex,new,,821S,
860,Amerex 860 Heavy-Duty Rubber-Strap Bracket | 2.75–4.5″ Cylinder,"The Amerex 860 Heavy-Duty Rubber-Strap Bracket | 2.75–4.5″ Cylinder is engineered to securely retain extinguishers with 2.75–4.5"" cylinder diameters in demanding heavy-duty vehicle applications. It provides stable mounting and quick extinguisher access while helping prevent movement during transportation, vibration or equipment operation. Key Features Genuine Amerex bracket Heavy-duty steel construction Secure extinguisher retention Designed for quick emergency access Meets Amerex mounting requirements Suitable for commercial and industrial use Applications Service vehicles Marine vessels Mobile equipment Industrial machinery Fleet and transportation applications Specifications Manufacturer: Amerex Model: 860 Product type: Fire extinguisher mounting bracket Compatibility: extinguishers with 2.75–4.5"" cylinder diameters Application: Heavy-Duty Vehicle Shipping weight: 1.5 lb",https://teslafire.com/product/amerex-860-heavy-duty-rubber-strap-bracket-2-75-4-5″-cylinder/,https://teslafire.com/wp-content/uploads/2026/07/860.png,in_stock,64.33 USD,,Amerex,new,,860,
862,Amerex 862 Heavy-Duty Rubber-Strap Bracket | 4.25–6.25″ Cylinder,"The Amerex 862 Heavy-Duty Rubber-Strap Bracket | 4.25–6.25″ Cylinder is engineered to securely retain extinguishers with 4.25–6.25"" cylinder diameters in demanding heavy-duty vehicle applications. It provides stable mounting and quick extinguisher access while helping prevent movement during transportation, vibration or equipment operation. Key Features Genuine Amerex bracket Heavy-duty steel construction Secure extinguisher retention Designed for quick emergency access Meets Amerex mounting requirements Suitable for commercial and industrial use Applications Service vehicles Marine vessels Mobile equipment Industrial machinery Fleet and transportation applications Specifications Manufacturer: Amerex Model: 862 Product type: Fire extinguisher mounting bracket Compatibility: extinguishers with 4.25–6.25"" cylinder diameters Application: Heavy-Duty Vehicle Shipping weight: 4 lb",https://teslafire.com/product/amerex-862-heavy-duty-rubber-strap-bracket-4-25-6-25″-cylinder/,https://teslafire.com/wp-content/uploads/2026/07/862.png,in_stock,78.78 USD,,Amerex,new,,862,
864,Amerex 864 Heavy-Duty Rubber-Strap Bracket | 6.5–8″ Cylinder,"The Amerex 864 Heavy-Duty Rubber-Strap Bracket | 6.5–8″ Cylinder is engineered to securely retain extinguishers with 6.5–8"" cylinder diameters in demanding heavy-duty vehicle applications. It provides stable mounting and quick extinguisher access while helping prevent movement during transportation, vibration or equipment operation. Key Features Genuine Amerex bracket Heavy-duty steel construction Secure extinguisher retention Designed for quick emergency access Meets Amerex mounting requirements Suitable for commercial and industrial use Applications Service vehicles Marine vessels Mobile equipment Industrial machinery Fleet and transportation applications Specifications Manufacturer: Amerex Model: 864 Product type: Fire extinguisher mounting bracket Compatibility: extinguishers with 6.5–8"" cylinder diameters Application: Heavy-Duty Vehicle Shipping weight: 6 lb",https://teslafire.com/product/amerex-864-heavy-duty-rubber-strap-bracket-6-5-8″-cylinder/,https://teslafire.com/wp-content/uploads/2026/07/864.png,in_stock,119.44 USD,,Amerex,new,,864,
861H,Amerex 861H Heavy-Duty Vehicle Bracket | 5 lb Extinguishers,"The Amerex 861H Heavy-Duty Vehicle Bracket | 5 lb Extinguishers is engineered to securely retain 5 lb Amerex extinguishers in demanding heavy-duty vehicle applications. It provides stable mounting and quick extinguisher access while helping prevent movement during transportation, vibration or equipment operation. Key Features Genuine Amerex bracket Heavy-duty steel construction Secure extinguisher retention Designed for quick emergency access Meets Amerex mounting requirements Suitable for commercial and industrial use Applications Service vehicles Marine vessels Mobile equipment Industrial machinery Fleet and transportation applications Specifications Manufacturer: Amerex Model: 861H Product type: Fire extinguisher mounting bracket Compatibility: 5 lb Amerex extinguishers Application: Heavy-Duty Vehicle Shipping weight: 2 lb",https://teslafire.com/product/amerex-861h-heavy-duty-vehicle-bracket-5-lb-extinguishers/,https://teslafire.com/wp-content/uploads/2026/07/861H-1.png,in_stock,51.04 USD,,Amerex,new,,861H,
811,Amerex 811 Heavy-Duty Vehicle Bracket | 20 lb CO₂ Extinguishers,"The Amerex 811 Heavy-Duty Vehicle Bracket | 20 lb CO₂ Extinguishers is engineered to securely retain 20 lb CO₂ extinguishers in demanding heavy-duty vehicle applications. It provides stable mounting and quick extinguisher access while helping prevent movement during transportation, vibration or equipment operation. Key Features Genuine Amerex bracket Heavy-duty steel construction Secure extinguisher retention Designed for quick emergency access Meets Amerex mounting requirements Suitable for commercial and industrial use Applications Service vehicles Marine vessels Mobile equipment Industrial machinery Fleet and transportation applications Specifications Manufacturer: Amerex Model: 811 Product type: Fire extinguisher mounting bracket Compatibility: 20 lb CO₂ extinguishers Application: Heavy-Duty Vehicle Shipping weight: 7.5 lb",https://teslafire.com/product/amerex-811-heavy-duty-vehicle-bracket-20-lb-co₂-extinguishers/,https://teslafire.com/wp-content/uploads/2026/07/811.png,in_stock,110.40 USD,,Amerex,new,,811,
812,Amerex 812 | 30 Lb Heavy-Duty Vehicle Bracket | 30 Lb  6″ Cylinder,"The Amerex 812 Heavy-Duty Vehicle Bracket | 6″ Cylinder is engineered to securely retain extinguishers with a 6"" cylinder diameter in demanding heavy-duty vehicle applications. It provides stable mounting and quick extinguisher access while helping prevent movement during transportation, vibration or equipment operation. Key Features Genuine Amerex bracket Heavy-duty steel construction Secure extinguisher retention Designed for quick emergency access Meets Amerex mounting requirements Suitable for commercial and industrial use Applications Service vehicles Marine vessels Mobile equipment Industrial machinery Fleet and transportation applications Specifications Manufacturer: Amerex Model: 812 Product type: Fire extinguisher mounting bracket Compatibility: extinguishers with a 6"" cylinder diameter Application: Heavy-Duty Vehicle Shipping weight: 5.5 lb",https://teslafire.com/product/amerex-812-heavy-duty-vehicle-bracket-6″-cylinder/,https://teslafire.com/wp-content/uploads/2026/07/812-1.png,in_stock,91.10 USD,,Amerex,new,,812,
810G,Amerex 810G Galvanized Heavy-Duty Bracket | 13.2 & 20 lb Extinguishers,"The Amerex 810G Galvanized Heavy-Duty Bracket | 13.2 & 20 lb Extinguishers is engineered to securely retain 13.2 and 20 lb extinguishers in demanding heavy-duty vehicle applications. It provides stable mounting and quick extinguisher access while helping prevent movement during transportation, vibration or equipment operation. Key Features Genuine Amerex bracket Heavy-duty steel construction Secure extinguisher retention Designed for quick emergency access Meets Amerex mounting requirements Suitable for commercial and industrial use Applications Service vehicles Marine vessels Mobile equipment Industrial machinery Fleet and transportation applications Specifications Manufacturer: Amerex Model: 810G Product type: Fire extinguisher mounting bracket Compatibility: 13.2 and 20 lb extinguishers Application: Heavy-Duty Vehicle Shipping weight: 6.5 lb",https://teslafire.com/product/amerex-810g-galvanized-heavy-duty-bracket-13-2-20-lb-extinguishers/,https://teslafire.com/wp-content/uploads/2026/07/AMEREX-BRACKETS-1-810G.png,in_stock,185.08 USD,,Amerex,new,,810G,
811G,Amerex 811G Galvanized Heavy-Duty Bracket | 30 lb Extinguishers,"The Amerex 811G Galvanized Heavy-Duty Bracket | 30 lb Extinguishers is engineered to securely retain 30 lb extinguishers in demanding heavy-duty vehicle applications. It provides stable mounting and quick extinguisher access while helping prevent movement during transportation, vibration or equipment operation. Key Features Genuine Amerex bracket Heavy-duty steel construction Secure extinguisher retention Designed for quick emergency access Meets Amerex mounting requirements Suitable for commercial and industrial use Applications Service vehicles Marine vessels Mobile equipment Industrial machinery Fleet and transportation applications Specifications Manufacturer: Amerex Model: 811G Product type: Fire extinguisher mounting bracket Compatibility: 30 lb extinguishers Application: Heavy-Duty Vehicle Shipping weight: 8 lb",https://teslafire.com/product/amerex-811g-galvanized-heavy-duty-bracket-30-lb-extinguishers/,https://teslafire.com/wp-content/uploads/2026/07/AMEREX-BRACKETS-2-811G.png,in_stock,209.32 USD,,Amerex,new,,811G,
859,Amerex 859 Heavy-Duty Dolly Cart | Class D Fire Extinguishers,The Amerex 859 heavy-duty dolly cart provides convenient transport for large hand-portable Class D fire extinguishers. Its rugged frame helps operators move heavy extinguishers to the hazard area while keeping the unit stable and accessible. Key Features Heavy-duty steel cart Designed for large Amerex Class D extinguishers Improves portability and response time Stable two-wheel configuration Genuine Amerex accessory Applications Machine shops Metal-processing facilities Foundries Industrial plants Laboratories Specifications Manufacturer: Amerex Model: 859 Product type: Heavy-duty extinguisher dolly cart Compatibility: Amerex large hand-portable Class D extinguishers Shipping weight: 12.5 lb,https://teslafire.com/product/amerex-859-heavy-duty-dolly-cart-class-d-fire-extinguishers/,https://teslafire.com/wp-content/uploads/2026/07/859.png,in_stock,580.73 USD,,Amerex,new,,859,
CH506B,Amerex CH506B Loaded Stream Anti-Freeze Charge | Model 240,The Amerex CH506B Loaded Stream Anti-Freeze Charge | Model 240 is a genuine Amerex recharge product intended for servicing Amerex Model 240 pressurized-water extinguisher. It is supplied for professional fire-extinguisher maintenance and recharge work performed by qualified personnel using the applicable Amerex service manual and equipment. Key Features Loaded-stream anti-freeze solution Factory-specified Amerex recharge material Compatible with Amerex Model 240 pressurized-water extinguisher Supports proper extinguisher performance For professional service use only Applications Licensed fire-extinguisher service companies Fire-protection maintenance facilities Commercial and industrial extinguisher recharge operations Specifications Manufacturer: Amerex Model: CH506B Product type: Fire extinguisher recharge agent Contents: loaded-stream anti-freeze solution Compatibility: Amerex Model 240 pressurized-water extinguisher Shipping weight: 10.5 lb,https://teslafire.com/product/amerex-ch506-loaded-stream-anti-freeze-charge-model-240/,https://teslafire.com/wp-content/uploads/2026/07/ch506.png,in_stock,350.91 USD,,Amerex,new,,CH506B,
CH530,Amerex CH530 Wet Chemical Recharge Agent | Model C260,The Amerex CH530 Wet Chemical Recharge Agent | Model C260 is a genuine Amerex recharge product intended for servicing Amerex Model C260 6-litre Class K extinguisher. It is supplied for professional fire-extinguisher maintenance and recharge work performed by qualified personnel using the applicable Amerex service manual and equipment. Key Features Wet chemical liquid recharge agent Factory-specified Amerex recharge material Compatible with Amerex Model C260 6-litre Class K extinguisher Supports proper extinguisher performance For professional service use only Applications Licensed fire-extinguisher service companies Fire-protection maintenance facilities Commercial and industrial extinguisher recharge operations Specifications Manufacturer: Amerex Model: CH530 Product type: Fire extinguisher recharge agent Contents: wet chemical liquid recharge agent Compatibility: Amerex Model C260 6-litre Class K extinguisher Shipping weight: 9 lb,https://teslafire.com/product/amerex-ch530-wet-chemical-recharge-agent-model-c260/,https://teslafire.com/wp-content/uploads/2026/07/ch530-1.png,in_stock,249.53 USD,,Amerex,new,,CH530,
CH670,Amerex CH670 Deionized Water Charge | 1.8 Gallon,The Amerex CH670 Deionized Water Charge | 1.8 Gallon is a genuine Amerex recharge product intended for servicing Amerex 1.75-gallon water-mist extinguishers. It is supplied for professional fire-extinguisher maintenance and recharge work performed by qualified personnel using the applicable Amerex service manual and equipment. Key Features 1.8 gallons of deionized water Factory-specified Amerex recharge material Compatible with Amerex 1.75-gallon water-mist extinguishers Supports proper extinguisher performance For professional service use only Applications Licensed fire-extinguisher service companies Fire-protection maintenance facilities Commercial and industrial extinguisher recharge operations Specifications Manufacturer: Amerex Model: CH670 Product type: Fire extinguisher recharge agent Contents: 1.8 gallons of deionized water Compatibility: Amerex 1.75-gallon water-mist extinguishers Shipping weight: 20 lb,https://teslafire.com/product/amerex-ch670-deionized-water-charge-1-8-gallon/,https://teslafire.com/wp-content/uploads/2026/07/CH-670-1.png,in_stock,119.83 USD,,Amerex,new,,CH670,
CH671,Amerex CH671 Deionized Water Charge | 2.5 Gallon,The Amerex CH671 Deionized Water Charge | 2.5 Gallon is a genuine Amerex recharge product intended for servicing Amerex 2.5-gallon water-mist extinguishers. It is supplied for professional fire-extinguisher maintenance and recharge work performed by qualified personnel using the applicable Amerex service manual and equipment. Key Features 2.5 gallons of deionized water Factory-specified Amerex recharge material Compatible with Amerex 2.5-gallon water-mist extinguishers Supports proper extinguisher performance For professional service use only Applications Licensed fire-extinguisher service companies Fire-protection maintenance facilities Commercial and industrial extinguisher recharge operations Specifications Manufacturer: Amerex Model: CH671 Product type: Fire extinguisher recharge agent Contents: 2.5 gallons of deionized water Compatibility: Amerex 2.5-gallon water-mist extinguishers Shipping weight: 22 lb,https://teslafire.com/product/amerex-671-2-deionized-water-charge-2-5-gallon/,https://teslafire.com/wp-content/uploads/2026/07/671-2.png,in_stock,121.19 USD,,Amerex,new,,CH671,
CH550,Amerex CH550 ABC Dry Chemical Recharge Agent | 50 lb Pail,The Amerex CH550 ABC Dry Chemical Recharge Agent | 50 lb Pail is a genuine Amerex recharge product intended for servicing compatible Amerex ABC extinguishers. It is supplied for professional fire-extinguisher maintenance and recharge work performed by qualified personnel using the applicable Amerex service manual and equipment. Key Features 50 lb pail of abc dry chemical Factory-specified Amerex recharge material Compatible with compatible Amerex ABC extinguishers Supports proper extinguisher performance For professional service use only Applications Licensed fire-extinguisher service companies Fire-protection maintenance facilities Commercial and industrial extinguisher recharge operations Specifications Manufacturer: Amerex Model: CH550 Product type: Fire extinguisher recharge agent Contents: 50 lb pail of ABC dry chemical Compatibility: compatible Amerex ABC extinguishers Shipping weight: 52.5 lb,https://teslafire.com/product/amerex-ch550-abc-dry-chemical-recharge-agent-50-lb-pail/,https://teslafire.com/wp-content/uploads/2026/07/Ch550.png,in_stock,347.23 USD,,Amerex,new,,CH550,
CH555,Amerex CH555 ABC Dry Chemical Recharge Agent | 50 lb Pail,The Amerex CH555 ABC Dry Chemical Recharge Agent | 50 lb Pail is a genuine Amerex recharge product intended for servicing designated compatible Amerex ABC extinguishers. It is supplied for professional fire-extinguisher maintenance and recharge work performed by qualified personnel using the applicable Amerex service manual and equipment. Key Features 50 lb pail of abc dry chemical Factory-specified Amerex recharge material Compatible with designated compatible Amerex ABC extinguishers Supports proper extinguisher performance For professional service use only Applications Licensed fire-extinguisher service companies Fire-protection maintenance facilities Commercial and industrial extinguisher recharge operations Specifications Manufacturer: Amerex Model: CH555 Product type: Fire extinguisher recharge agent Contents: 50 lb pail of ABC dry chemical Compatibility: designated compatible Amerex ABC extinguishers Shipping weight: 52.5 lb,https://teslafire.com/product/amerex-ch555-abc-dry-chemical-recharge-agent-50-lb-pail/,https://teslafire.com/wp-content/uploads/2026/07/CH555-1.png,in_stock,521.89 USD,,Amerex,new,,CH555,
CH515,Amerex CH515 Purple K Recharge Agent | 50 lb Pail,The Amerex CH515 Purple K Recharge Agent | 50 lb Pail is a genuine Amerex recharge product intended for servicing compatible Amerex Purple K extinguishers. It is supplied for professional fire-extinguisher maintenance and recharge work performed by qualified personnel using the applicable Amerex service manual and equipment. Key Features 50 lb pail of purple k dry chemical Factory-specified Amerex recharge material Compatible with compatible Amerex Purple K extinguishers Supports proper extinguisher performance For professional service use only Applications Licensed fire-extinguisher service companies Fire-protection maintenance facilities Commercial and industrial extinguisher recharge operations Specifications Manufacturer: Amerex Model: CH515 Product type: Fire extinguisher recharge agent Contents: 50 lb pail of Purple K dry chemical Compatibility: compatible Amerex Purple K extinguishers Shipping weight: 52.5 lb,https://teslafire.com/product/amerex-ch515-purple-k-recharge-agent-50-lb-pail/,https://teslafire.com/wp-content/uploads/2026/07/515.png,in_stock,613.20 USD,,Amerex,new,,CH515,
CH543,Amerex CH543 G-Plus Graphite Class D Recharge Agent | 35 lb,The Amerex CH543 G-Plus Graphite Class D Recharge Agent | 35 lb is a genuine Amerex recharge product intended for servicing compatible Class D extinguishers. It is supplied for professional fire-extinguisher maintenance and recharge work performed by qualified personnel using the applicable Amerex service manual and equipment. Key Features 35 lb of g-plus graphite class d powder Factory-specified Amerex recharge material Compatible with compatible Class D extinguishers Supports proper extinguisher performance For professional service use only Applications Licensed fire-extinguisher service companies Fire-protection maintenance facilities Commercial and industrial extinguisher recharge operations Specifications Manufacturer: Amerex Model: CH543 Product type: Fire extinguisher recharge agent Contents: 35 lb of G-Plus graphite Class D powder Compatibility: compatible Class D extinguishers Shipping weight: 42.5 lb,https://teslafire.com/product/amerex-ch543-g-plus-graphite-class-d-recharge-agent-35-lb/,https://teslafire.com/wp-content/uploads/2026/07/543.png,in_stock,394.50 USD,,Amerex,new,,CH543,
CH545,Amerex CH545 Super D Sodium Chloride Recharge Agent | 50 lb,The Amerex CH545 Super D Sodium Chloride Recharge Agent | 50 lb is a genuine Amerex recharge product intended for servicing Amerex B570X and 680 Class D extinguishers. It is supplied for professional fire-extinguisher maintenance and recharge work performed by qualified personnel using the applicable Amerex service manual and equipment. Key Features 50 lb of super d sodium chloride powder Factory-specified Amerex recharge material Compatible with Amerex B570X and 680 Class D extinguishers Supports proper extinguisher performance For professional service use only Applications Licensed fire-extinguisher service companies Fire-protection maintenance facilities Commercial and industrial extinguisher recharge operations Specifications Manufacturer: Amerex Model: CH545 Product type: Fire extinguisher recharge agent Contents: 50 lb of Super D sodium chloride powder Compatibility: Amerex B570X and 680 Class D extinguishers Shipping weight: 52.5 lb,https://teslafire.com/product/amerex-ch545-super-d-sodium-chloride-recharge-agent-50-lb/,https://teslafire.com/wp-content/uploads/2026/07/Amerex-545.png,in_stock,611.32 USD,,Amerex,new,,CH545,
CH548,Amerex CH548 Copper Class D Recharge Agent | 50 lb,The Amerex CH548 Copper Class D Recharge Agent | 50 lb is a genuine Amerex recharge product intended for servicing Amerex C571 and 681 Class D extinguishers. It is supplied for professional fire-extinguisher maintenance and recharge work performed by qualified personnel using the applicable Amerex service manual and equipment. Key Features 50 lb of copper class d powder Factory-specified Amerex recharge material Compatible with Amerex C571 and 681 Class D extinguishers Supports proper extinguisher performance For professional service use only Applications Licensed fire-extinguisher service companies Fire-protection maintenance facilities Commercial and industrial extinguisher recharge operations Specifications Manufacturer: Amerex Model: CH548 Product type: Fire extinguisher recharge agent Contents: 50 lb of copper Class D powder Compatibility: Amerex C571 and 681 Class D extinguishers Shipping weight: 54 lb,https://teslafire.com/product/amerex-ch548-copper-class-d-recharge-agent-50-lb/,https://teslafire.com/wp-content/uploads/2026/07/Amerex-545.png,in_stock,1985.38 USD,,Amerex,new,,CH548,
UBRK-1052,2.5lb Universal Quick Release Vehicle Bracket,"Secure your 2.5lb fire extinguisher safely in your vehicle with this durable spring clip bracket. Designed for easy installation and quick access in emergencies. Key Features: Compatibility: Fits 2.5lb fire extinguishers Durable Design: Securely holds the extinguisher even on rough terrain Easy Access: Quick-release spring clip for fast removal during emergencies Versatile Use: Ideal for vehicles, boats, and other mobile applications",https://teslafire.com/product/2-5lb-fire-extinguisher-spring-clip-vehicle-bracket/,https://teslafire.com/wp-content/uploads/2025/02/2.5lb-Fire-Extinguisher-Spring-Clip-Vehicle-Bracket.jpg,in_stock,33.99 USD,,Tesla Fire Systems,new,,UBRK-1052,
5BRK-1054,5Lb Universal Quick Release Vehicle Bracket,"Keep your 5lb fire extinguisher secure and easily accessible with this spring-loaded vehicle bracket from Tesla Fire Products. Designed for quick installation and rapid release during emergencies. Key Features: Compatibility: Fits 5lb fire extinguishers Spring-Loaded Design: Ensures secure hold and quick access Durable Construction: Built to withstand rough terrains and vibrations Versatile Use: Ideal for vehicles, boats, and other mobile applications",https://teslafire.com/product/5lb-fire-extinguisher-spring-clip-vehicle-bracket/,https://teslafire.com/wp-content/uploads/2025/02/2.5lb-Fire-Extinguisher-Spring-Clip-Vehicle-Bracket.jpg,in_stock,33.99 USD,,Tesla Fire Systems,new,990312860389,5BRK-1054,
